Year,Road_ID_Name,Road_Type,Car,PUJ,UV,Taxi,PUB,Truck,Trailer,MC,Tricycle,Total_Raw_Volume_Reported,Total_Raw_Volume_Class_Sum,Total_Difference_Class_Minus_Reported,AADT_Review_Status,Data_Flag,PCEF_Car,PCEF_PUJ,PCEF_UV,PCEF_Taxi,PCEF_PUB,PCEF_Truck,PCEF_Trailer,PCEF_MC,PCEF_Tricycle,Road_PCU_Volume_Per_Day,PCEF_Profile_Status,PCEF_Reference,Baseline_Annual_Growth_Rate,Risk_Medium_VC_Threshold,Risk_High_VC_Threshold,Capacity_Limit_PCU_Per_Day,Capacity_Status,Capacity_Source,Capacity_Method_Reference,Scenario_2025_Utilization_Assumption,Scenario_VC_Ratio,Scenario_Risk_Level
2020,C-1_Recto,Circumferential,28622,4762,5,5395,814,655,0,51636,2733,94622,94622,0,UNVERIFIED_SOURCE_PDF,COVID-19 Pandemic,1,1.4,1.2,1,2.5,2.5,2.2,0.5,1.2,73459.9,PROJECT_AND_LITERATURE_ASSUMPTIONS_UNVERIFIED,https://ncts.upd.edu.ph/tssp/wp-content/uploads/2024/12/TSSP2024-11-Revised-Paper.pdf,0.045,0.7,0.95,138632.8,SYNTHETIC_SCENARIO_NOT_MEASURED,Synthetic teaching scenario calibrated from 2025 PCU demand,Not applied to this synthetic daily capacity; DPWH hourly standard: https://www.dpwh.gov.ph/dpwh/sites/default/files/issuances/DO_022_S2013.pdf,0.64,0.5299,Low
2020,C-2_A.Mendoza,Circumferential,36698,544,44,2152,251,3115,885,24296,2490,70475,70475,0,UNVERIFIED_SOURCE_PDF,COVID-19 Pandemic,1,1.4,1.2,1,2.5,2.5,2.2,0.5,1.2,65162.4,PROJECT_AND_LITERATURE_ASSUMPTIONS_UNVERIFIED,https://ncts.upd.edu.ph/tssp/wp-content/uploads/2024/12/TSSP2024-11-Revised-Paper.pdf,0.045,0.7,0.95,125526.1,SYNTHETIC_SCENARIO_NOT_MEASURED,Synthetic teaching scenario calibrated from 2025 PCU demand,Not applied to this synthetic daily capacity; DPWH hourly standard: https://www.dpwh.gov.ph/dpwh/sites/default/files/issuances/DO_022_S2013.pdf,0.62,0.5191,Low
2020,C-2_Pres.Quirino,Circumferential,30541,176,150,2636,430,1839,769,17680,1195,55416,55416,0,UNVERIFIED_SOURCE_PDF,COVID-19 Pandemic,1,1.4,1.2,1,2.5,2.5,2.2,0.5,1.2,51241.7,PROJECT_AND_LITERATURE_ASSUMPTIONS_UNVERIFIED,https://ncts.upd.edu.ph/tssp/wp-content/uploads/2024/12/TSSP2024-11-Revised-Paper.pdf,0.045,0.7,0.95,190810.7,SYNTHETIC_SCENARIO_NOT_MEASURED,Synthetic teaching scenario calibrated from 2025 PCU demand,Not applied to this synthetic daily capacity; DPWH hourly standard: https://www.dpwh.gov.ph/dpwh/sites/default/files/issuances/DO_022_S2013.pdf,0.86,0.2685,Low
2020,C-3_Araneta_Ave,Circumferential,35696,762,23,3867,21,3546,661,38154,2237,84967,84967,0,UNVERIFIED_SOURCE_PDF,COVID-19 Pandemic,1,1.4,1.2,1,2.5,2.5,2.2,0.5,1.2,72790.5,PROJECT_AND_LITERATURE_ASSUMPTIONS_UNVERIFIED,https://ncts.upd.edu.ph/tssp/wp-content/uploads/2024/12/TSSP2024-11-Revised-Paper.pdf,0.045,0.7,0.95,152771.7,SYNTHETIC_SCENARIO_NOT_MEASURED,Synthetic teaching scenario calibrated from 2025 PCU demand,Not applied to this synthetic daily capacity; DPWH hourly standard: https://www.dpwh.gov.ph/dpwh/sites/default/files/issuances/DO_022_S2013.pdf,0.76,0.4765,Low
2020,C-4_EDSA,Circumferential,193788,225,1423,19316,3645,2136,68,107509,4,328114,328114,0,UNVERIFIED_SOURCE_PDF,COVID-19 Pandemic,1,1.4,1.2,1,2.5,2.5,2.2,0.5,1.2,283488,PROJECT_AND_LITERATURE_ASSUMPTIONS_UNVERIFIED,https://ncts.upd.edu.ph/tssp/wp-content/uploads/2024/12/TSSP2024-11-Revised-Paper.pdf,0.045,0.7,0.95,334486.5,SYNTHETIC_SCENARIO_NOT_MEASURED,Synthetic teaching scenario calibrated from 2025 PCU demand,Not applied to this synthetic daily capacity; DPWH hourly standard: https://www.dpwh.gov.ph/dpwh/sites/default/files/issuances/DO_022_S2013.pdf,1,0.8475,Medium
2020,C-5_CP_Garcia,Circumferential,100846,316,436,6941,347,10996,725,71797,14,192418,192418,0,UNVERIFIED_SOURCE_PDF,COVID-19 Pandemic,1,1.4,1.2,1,2.5,2.5,2.2,0.5,1.2,174620.4,PROJECT_AND_LITERATURE_ASSUMPTIONS_UNVERIFIED,https://ncts.upd.edu.ph/tssp/wp-content/uploads/2024/12/TSSP2024-11-Revised-Paper.pdf,0.045,0.7,0.95,211917.7,SYNTHETIC_SCENARIO_NOT_MEASURED,Synthetic teaching scenario calibrated from 2025 PCU demand,Not applied to this synthetic daily capacity; DPWH hourly standard: https://www.dpwh.gov.ph/dpwh/sites/default/files/issuances/DO_022_S2013.pdf,0.9,0.824,Medium
2020,R-1_Roxas_Blvd,Radial,105863,105,1053,8769,851,1158,2501,70184,142,190626,190626,0,UNVERIFIED_SOURCE_PDF,COVID-19 Pandemic,1,1.4,1.2,1,2.5,2.5,2.2,0.5,1.2,161829.7,PROJECT_AND_LITERATURE_ASSUMPTIONS_UNVERIFIED,https://ncts.upd.edu.ph/tssp/wp-content/uploads/2024/12/TSSP2024-11-Revised-Paper.pdf,0.045,0.7,0.95,186643.9,SYNTHETIC_SCENARIO_NOT_MEASURED,Synthetic teaching scenario calibrated from 2025 PCU demand,Not applied to this synthetic daily capacity; DPWH hourly standard: https://www.dpwh.gov.ph/dpwh/sites/default/files/issuances/DO_022_S2013.pdf,0.88,0.8671,Medium
2020,R-2_Taft_Ave,Radial,38695,13043,12625,5888,3881,653,1,34297,1833,110916,110916,0,UNVERIFIED_SOURCE_PDF,COVID-19 Pandemic,1,1.4,1.2,1,2.5,2.5,2.2,0.5,1.2,108678.5,PROJECT_AND_LITERATURE_ASSUMPTIONS_UNVERIFIED,https://ncts.upd.edu.ph/tssp/wp-content/uploads/2024/12/TSSP2024-11-Revised-Paper.pdf,0.045,0.7,0.95,165839.8,SYNTHETIC_SCENARIO_NOT_MEASURED,Synthetic teaching scenario calibrated from 2025 PCU demand,Not applied to this synthetic daily capacity; DPWH hourly standard: https://www.dpwh.gov.ph/dpwh/sites/default/files/issuances/DO_022_S2013.pdf,0.82,0.6553,Low
2020,R-3_SSH,Radial,69900,0,45,5842,175,9653,2878,54174,88,142755,142755,0,UNVERIFIED_SOURCE_PDF,COVID-19 Pandemic,1,1.4,1.2,1,2.5,2.5,2.2,0.5,1.2,133890.2,PROJECT_AND_LITERATURE_ASSUMPTIONS_UNVERIFIED,https://ncts.upd.edu.ph/tssp/wp-content/uploads/2024/12/TSSP2024-11-Revised-Paper.pdf,0.045,0.7,0.95,257440.7,SYNTHETIC_SCENARIO_NOT_MEASURED,Synthetic teaching scenario calibrated from 2025 PCU demand,Not applied to this synthetic daily capacity; DPWH hourly standard: https://www.dpwh.gov.ph/dpwh/sites/default/files/issuances/DO_022_S2013.pdf,0.96,0.5201,Low
2020,R-4_Shaw_Blvd,Radial,46235,737,51,6217,732,1790,41,47331,475,103609,103609,0,UNVERIFIED_SOURCE_PDF,COVID-19 Pandemic,1,1.4,1.2,1,2.5,2.5,2.2,0.5,1.2,84175.7,PROJECT_AND_LITERATURE_ASSUMPTIONS_UNVERIFIED,https://ncts.upd.edu.ph/tssp/wp-content/uploads/2024/12/TSSP2024-11-Revised-Paper.pdf,0.045,0.7,0.95,155922.8,SYNTHETIC_SCENARIO_NOT_MEASURED,Synthetic teaching scenario calibrated from 2025 PCU demand,Not applied to this synthetic daily capacity; DPWH hourly standard: https://www.dpwh.gov.ph/dpwh/sites/default/files/issuances/DO_022_S2013.pdf,0.72,0.5399,Low
2020,R-5_Ortigas_Ave,Radial,80679,2425,2611,4149,3796,4730,614,73070,416,172490,172490,0,UNVERIFIED_SOURCE_PDF,COVID-19 Pandemic,1,1.4,1.2,1,2.5,2.5,2.2,0.5,1.2,151056.2,PROJECT_AND_LITERATURE_ASSUMPTIONS_UNVERIFIED,https://ncts.upd.edu.ph/tssp/wp-content/uploads/2024/12/TSSP2024-11-Revised-Paper.pdf,0.045,0.7,0.95,190062.7,SYNTHETIC_SCENARIO_NOT_MEASURED,Synthetic teaching scenario calibrated from 2025 PCU demand,Not applied to this synthetic daily capacity; DPWH hourly standard: https://www.dpwh.gov.ph/dpwh/sites/default/files/issuances/DO_022_S2013.pdf,0.84,0.7948,Medium
2020,R-6_Magsaysay_Blvd,Radial,48380,10,11,6868,825,2755,349,50399,1943,111540,111540,0,UNVERIFIED_SOURCE_PDF,COVID-19 Pandemic,1,1.4,1.2,1,2.5,2.5,2.2,0.5,1.2,92524.1,PROJECT_AND_LITERATURE_ASSUMPTIONS_UNVERIFIED,https://ncts.upd.edu.ph/tssp/wp-content/uploads/2024/12/TSSP2024-11-Revised-Paper.pdf,0.045,0.7,0.95,164113.1,SYNTHETIC_SCENARIO_NOT_MEASURED,Synthetic teaching scenario calibrated from 2025 PCU demand,Not applied to this synthetic daily capacity; DPWH hourly standard: https://www.dpwh.gov.ph/dpwh/sites/default/files/issuances/DO_022_S2013.pdf,0.8,0.5638,Low
2020,R-6_Aurora_Blvd,Radial,40912,12027,6726,5712,508,2001,14,45195,101,113196,113196,0,UNVERIFIED_SOURCE_PDF,COVID-19 Pandemic,1,1.4,1.2,1,2.5,2.5,2.2,0.5,1.2,100555,PROJECT_AND_LITERATURE_ASSUMPTIONS_UNVERIFIED,https://ncts.upd.edu.ph/tssp/wp-content/uploads/2024/12/TSSP2024-11-Revised-Paper.pdf,0.045,0.7,0.95,156577.8,SYNTHETIC_SCENARIO_NOT_MEASURED,Synthetic teaching scenario calibrated from 2025 PCU demand,Not applied to this synthetic daily capacity; DPWH hourly standard: https://www.dpwh.gov.ph/dpwh/sites/default/files/issuances/DO_022_S2013.pdf,0.74,0.6422,Low
2020,R-7_Quezon_Ave,Radial,126286,6676,12049,14828,1428,4311,203,71923,55,237759,237759,0,UNVERIFIED_SOURCE_PDF,COVID-19 Pandemic,1,1.4,1.2,1,2.5,2.5,2.2,0.5,1.2,215740.8,PROJECT_AND_LITERATURE_ASSUMPTIONS_UNVERIFIED,https://ncts.upd.edu.ph/tssp/wp-content/uploads/2024/12/TSSP2024-11-Revised-Paper.pdf,0.045,0.7,0.95,221415.9,SYNTHETIC_SCENARIO_NOT_MEASURED,Synthetic teaching scenario calibrated from 2025 PCU demand,Not applied to this synthetic daily capacity; DPWH hourly standard: https://www.dpwh.gov.ph/dpwh/sites/default/files/issuances/DO_022_S2013.pdf,0.92,0.9744,High
2020,R-7_Commonwealth,Radial,148343,168,295,13643,7688,6318,265,105325,92,282137,282137,0,UNVERIFIED_SOURCE_PDF,COVID-19 Pandemic,1,1.4,1.2,1,2.5,2.5,2.2,0.5,1.2,250946.1,PROJECT_AND_LITERATURE_ASSUMPTIONS_UNVERIFIED,https://ncts.upd.edu.ph/tssp/wp-content/uploads/2024/12/TSSP2024-11-Revised-Paper.pdf,0.045,0.7,0.95,337508.5,SYNTHETIC_SCENARIO_NOT_MEASURED,Synthetic teaching scenario calibrated from 2025 PCU demand,Not applied to this synthetic daily capacity; DPWH hourly standard: https://www.dpwh.gov.ph/dpwh/sites/default/files/issuances/DO_022_S2013.pdf,0.98,0.7435,Medium
2020,R-8_A.Bonifacio,Radial,41356,1660,34,1839,175,8449,1414,25152,923,81002,81002,0,UNVERIFIED_SOURCE_PDF,COVID-19 Pandemic,1,1.4,1.2,1,2.5,2.5,2.2,0.5,1.2,83914.2,PROJECT_AND_LITERATURE_ASSUMPTIONS_UNVERIFIED,https://ncts.upd.edu.ph/tssp/wp-content/uploads/2024/12/TSSP2024-11-Revised-Paper.pdf,0.045,0.7,0.95,157271.7,SYNTHETIC_SCENARIO_NOT_MEASURED,Synthetic teaching scenario calibrated from 2025 PCU demand,Not applied to this synthetic daily capacity; DPWH hourly standard: https://www.dpwh.gov.ph/dpwh/sites/default/files/issuances/DO_022_S2013.pdf,0.78,0.5336,Low
2020,R-9_Rizal_Ave,Radial,30080,9986,101,2204,449,2938,109,40721,956,87544,87544,0,UNVERIFIED_SOURCE_PDF,COVID-19 Pandemic,1,1.4,1.2,1,2.5,2.5,2.2,0.5,1.2,76600.6,PROJECT_AND_LITERATURE_ASSUMPTIONS_UNVERIFIED,https://ncts.upd.edu.ph/tssp/wp-content/uploads/2024/12/TSSP2024-11-Revised-Paper.pdf,0.045,0.7,0.95,137715.9,SYNTHETIC_SCENARIO_NOT_MEASURED,Synthetic teaching scenario calibrated from 2025 PCU demand,Not applied to this synthetic daily capacity; DPWH hourly standard: https://www.dpwh.gov.ph/dpwh/sites/default/files/issuances/DO_022_S2013.pdf,0.66,0.5562,Low
2020,R-10_Del_Pan,Radial,45911,688,28,2304,254,6281,7342,42621,2166,107595,107595,0,UNVERIFIED_SOURCE_PDF,COVID-19 Pandemic,1,1.4,1.2,1,2.5,2.5,2.2,0.5,1.2,105611.4,PROJECT_AND_LITERATURE_ASSUMPTIONS_UNVERIFIED,https://ncts.upd.edu.ph/tssp/wp-content/uploads/2024/12/TSSP2024-11-Revised-Paper.pdf,0.045,0.7,0.95,156661.3,SYNTHETIC_SCENARIO_NOT_MEASURED,Synthetic teaching scenario calibrated from 2025 PCU demand,Not applied to this synthetic daily capacity; DPWH hourly standard: https://www.dpwh.gov.ph/dpwh/sites/default/files/issuances/DO_022_S2013.pdf,0.7,0.6741,Low
2020,Marcos_Highway,Highway,102714,12666,3313,7762,454,5125,225,90421,453,223133,223133,0,UNVERIFIED_SOURCE_PDF,COVID-19 Pandemic,1,1.4,1.2,1,2.5,2.5,2.2,0.5,1.2,192380.6,PROJECT_AND_LITERATURE_ASSUMPTIONS_UNVERIFIED,https://ncts.upd.edu.ph/tssp/wp-content/uploads/2024/12/TSSP2024-11-Revised-Paper.pdf,0.045,0.7,0.95,238087.1,SYNTHETIC_SCENARIO_NOT_MEASURED,Synthetic teaching scenario calibrated from 2025 PCU demand,Not applied to this synthetic daily capacity; DPWH hourly standard: https://www.dpwh.gov.ph/dpwh/sites/default/files/issuances/DO_022_S2013.pdf,0.94,0.808,Medium
2020,McArthur_Highway,Highway,33129,8300,41,3720,2244,3923,183,59340,190,111070,111070,0,UNVERIFIED_SOURCE_PDF,COVID-19 Pandemic,1,1.4,1.2,1,2.5,2.5,2.2,0.5,1.2,94236.3,PROJECT_AND_LITERATURE_ASSUMPTIONS_UNVERIFIED,https://ncts.upd.edu.ph/tssp/wp-content/uploads/2024/12/TSSP2024-11-Revised-Paper.pdf,0.045,0.7,0.95,145655.7,SYNTHETIC_SCENARIO_NOT_MEASURED,Synthetic teaching scenario calibrated from 2025 PCU demand,Not applied to this synthetic daily capacity; DPWH hourly standard: https://www.dpwh.gov.ph/dpwh/sites/default/files/issuances/DO_022_S2013.pdf,0.68,0.647,Low
2021,C-1_Recto,Circumferential,27447,3980,12,4844,431,924,80,45082,1660,84460,84460,0,UNVERIFIED_SOURCE_PDF,COVID-19 Pandemic,1,1.4,1.2,1,2.5,2.5,2.2,0.5,1.2,65973.9,PROJECT_AND_LITERATURE_ASSUMPTIONS_UNVERIFIED,https://ncts.upd.edu.ph/tssp/wp-content/uploads/2024/12/TSSP2024-11-Revised-Paper.pdf,0.045,0.7,0.95,138632.8,SYNTHETIC_SCENARIO_NOT_MEASURED,Synthetic teaching scenario calibrated from 2025 PCU demand,Not applied to this synthetic daily capacity; DPWH hourly standard: https://www.dpwh.gov.ph/dpwh/sites/default/files/issuances/DO_022_S2013.pdf,0.64,0.4759,Low
2021,C-2_A.Mendoza,Circumferential,37472,3384,9,3575,68,8186,1897,54136,662,109389,109389,0,UNVERIFIED_SOURCE_PDF,COVID-19 Pandemic,1,1.4,1.2,1,2.5,2.5,2.2,0.5,1.2,98466.2,PROJECT_AND_LITERATURE_ASSUMPTIONS_UNVERIFIED,https://ncts.upd.edu.ph/tssp/wp-content/uploads/2024/12/TSSP2024-11-Revised-Paper.pdf,0.045,0.7,0.95,125526.1,SYNTHETIC_SCENARIO_NOT_MEASURED,Synthetic teaching scenario calibrated from 2025 PCU demand,Not applied to this synthetic daily capacity; DPWH hourly standard: https://www.dpwh.gov.ph/dpwh/sites/default/files/issuances/DO_022_S2013.pdf,0.62,0.7844,Medium
2021,C-2_Pres.Quirino,Circumferential,30942,94,10,2789,56,3397,754,33872,668,72582,72582,0,UNVERIFIED_SOURCE_PDF,COVID-19 Pandemic,1,1.4,1.2,1,2.5,2.5,2.2,0.5,1.2,61903.5,PROJECT_AND_LITERATURE_ASSUMPTIONS_UNVERIFIED,https://ncts.upd.edu.ph/tssp/wp-content/uploads/2024/12/TSSP2024-11-Revised-Paper.pdf,0.045,0.7,0.95,190810.7,SYNTHETIC_SCENARIO_NOT_MEASURED,Synthetic teaching scenario calibrated from 2025 PCU demand,Not applied to this synthetic daily capacity; DPWH hourly standard: https://www.dpwh.gov.ph/dpwh/sites/default/files/issuances/DO_022_S2013.pdf,0.86,0.3244,Low
2021,C-3_Araneta_Ave,Circumferential,58726,0,9,2361,1,2200,447,36033,488,100265,100265,0,UNVERIFIED_SOURCE_PDF,COVID-19 Pandemic,1,1.4,1.2,1,2.5,2.5,2.2,0.5,1.2,86185.8,PROJECT_AND_LITERATURE_ASSUMPTIONS_UNVERIFIED,https://ncts.upd.edu.ph/tssp/wp-content/uploads/2024/12/TSSP2024-11-Revised-Paper.pdf,0.045,0.7,0.95,152771.7,SYNTHETIC_SCENARIO_NOT_MEASURED,Synthetic teaching scenario calibrated from 2025 PCU demand,Not applied to this synthetic daily capacity; DPWH hourly standard: https://www.dpwh.gov.ph/dpwh/sites/default/files/issuances/DO_022_S2013.pdf,0.76,0.5641,Low
2021,C-4_EDSA,Circumferential,199402,1638,2604,19287,5527,2188,45,141564,16,372271,372271,0,UNVERIFIED_SOURCE_PDF,COVID-19 Pandemic,1,1.4,1.2,1,2.5,2.5,2.2,0.5,1.2,314294.7,PROJECT_AND_LITERATURE_ASSUMPTIONS_UNVERIFIED,https://ncts.upd.edu.ph/tssp/wp-content/uploads/2024/12/TSSP2024-11-Revised-Paper.pdf,0.045,0.7,0.95,334486.5,SYNTHETIC_SCENARIO_NOT_MEASURED,Synthetic teaching scenario calibrated from 2025 PCU demand,Not applied to this synthetic daily capacity; DPWH hourly standard: https://www.dpwh.gov.ph/dpwh/sites/default/files/issuances/DO_022_S2013.pdf,1,0.9396,Medium
2021,C-5_CP_Garcia,Circumferential,99316,289,2121,4685,340,10535,1281,93681,37,212285,212285,0,UNVERIFIED_SOURCE_PDF,COVID-19 Pandemic,1,1.4,1.2,1,2.5,2.5,2.2,0.5,1.2,183841.4,PROJECT_AND_LITERATURE_ASSUMPTIONS_UNVERIFIED,https://ncts.upd.edu.ph/tssp/wp-content/uploads/2024/12/TSSP2024-11-Revised-Paper.pdf,0.045,0.7,0.95,211917.7,SYNTHETIC_SCENARIO_NOT_MEASURED,Synthetic teaching scenario calibrated from 2025 PCU demand,Not applied to this synthetic daily capacity; DPWH hourly standard: https://www.dpwh.gov.ph/dpwh/sites/default/files/issuances/DO_022_S2013.pdf,0.9,0.8675,Medium
2021,R-1_Roxas_Blvd,Radial,95063,9366,1988,11734,1575,3076,1849,81895,2793,209339,209339,0,UNVERIFIED_SOURCE_PDF,COVID-19 Pandemic,1,1.4,1.2,1,2.5,2.5,2.2,0.5,1.2,182289.4,PROJECT_AND_LITERATURE_ASSUMPTIONS_UNVERIFIED,https://ncts.upd.edu.ph/tssp/wp-content/uploads/2024/12/TSSP2024-11-Revised-Paper.pdf,0.045,0.7,0.95,186643.9,SYNTHETIC_SCENARIO_NOT_MEASURED,Synthetic teaching scenario calibrated from 2025 PCU demand,Not applied to this synthetic daily capacity; DPWH hourly standard: https://www.dpwh.gov.ph/dpwh/sites/default/files/issuances/DO_022_S2013.pdf,0.88,0.9767,High
2021,R-2_Taft_Ave,Radial,43676,8552,4400,5970,1865,1022,7,45416,3807,114715,114715,0,UNVERIFIED_SOURCE_PDF,COVID-19 Pandemic,1,1.4,1.2,1,2.5,2.5,2.2,0.5,1.2,101408.1,PROJECT_AND_LITERATURE_ASSUMPTIONS_UNVERIFIED,https://ncts.upd.edu.ph/tssp/wp-content/uploads/2024/12/TSSP2024-11-Revised-Paper.pdf,0.045,0.7,0.95,165839.8,SYNTHETIC_SCENARIO_NOT_MEASURED,Synthetic teaching scenario calibrated from 2025 PCU demand,Not applied to this synthetic daily capacity; DPWH hourly standard: https://www.dpwh.gov.ph/dpwh/sites/default/files/issuances/DO_022_S2013.pdf,0.82,0.6115,Low
2021,R-3_SSH,Radial,96111,187,80,5740,367,6664,2093,75867,80,187189,187189,0,UNVERIFIED_SOURCE_PDF,COVID-19 Pandemic,1,1.4,1.2,1,2.5,2.5,2.2,0.5,1.2,162420.4,PROJECT_AND_LITERATURE_ASSUMPTIONS_UNVERIFIED,https://ncts.upd.edu.ph/tssp/wp-content/uploads/2024/12/TSSP2024-11-Revised-Paper.pdf,0.045,0.7,0.95,257440.7,SYNTHETIC_SCENARIO_NOT_MEASURED,Synthetic teaching scenario calibrated from 2025 PCU demand,Not applied to this synthetic daily capacity; DPWH hourly standard: https://www.dpwh.gov.ph/dpwh/sites/default/files/issuances/DO_022_S2013.pdf,0.96,0.6309,Low
2021,R-4_Shaw_Blvd,Radial,48612,1127,757,7958,325,798,101,45517,10,105205,105205,0,UNVERIFIED_SOURCE_PDF,COVID-19 Pandemic,1,1.4,1.2,1,2.5,2.5,2.2,0.5,1.2,84856.4,PROJECT_AND_LITERATURE_ASSUMPTIONS_UNVERIFIED,https://ncts.upd.edu.ph/tssp/wp-content/uploads/2024/12/TSSP2024-11-Revised-Paper.pdf,0.045,0.7,0.95,155922.8,SYNTHETIC_SCENARIO_NOT_MEASURED,Synthetic teaching scenario calibrated from 2025 PCU demand,Not applied to this synthetic daily capacity; DPWH hourly standard: https://www.dpwh.gov.ph/dpwh/sites/default/files/issuances/DO_022_S2013.pdf,0.72,0.5442,Low
2021,R-5_Ortigas_Ave,Radial,73145,6866,3619,3176,3177,4571,486,90210,449,185699,185699,0,UNVERIFIED_SOURCE_PDF,COVID-19 Pandemic,1,1.4,1.2,1,2.5,2.5,2.2,0.5,1.2,156359.2,PROJECT_AND_LITERATURE_ASSUMPTIONS_UNVERIFIED,https://ncts.upd.edu.ph/tssp/wp-content/uploads/2024/12/TSSP2024-11-Revised-Paper.pdf,0.045,0.7,0.95,190062.7,SYNTHETIC_SCENARIO_NOT_MEASURED,Synthetic teaching scenario calibrated from 2025 PCU demand,Not applied to this synthetic daily capacity; DPWH hourly standard: https://www.dpwh.gov.ph/dpwh/sites/default/files/issuances/DO_022_S2013.pdf,0.84,0.8227,Medium
2021,R-6_Magsaysay_Blvd,Radial,57031,5043,43,7255,391,2138,380,66360,1292,139933,139933,0,UNVERIFIED_SOURCE_PDF,COVID-19 Pandemic,1,1.4,1.2,1,2.5,2.5,2.2,0.5,1.2,113286.7,PROJECT_AND_LITERATURE_ASSUMPTIONS_UNVERIFIED,https://ncts.upd.edu.ph/tssp/wp-content/uploads/2024/12/TSSP2024-11-Revised-Paper.pdf,0.045,0.7,0.95,164113.1,SYNTHETIC_SCENARIO_NOT_MEASURED,Synthetic teaching scenario calibrated from 2025 PCU demand,Not applied to this synthetic daily capacity; DPWH hourly standard: https://www.dpwh.gov.ph/dpwh/sites/default/files/issuances/DO_022_S2013.pdf,0.8,0.6903,Low
2021,R-6_Aurora_Blvd,Radial,36367,7424,1458,4200,1005,1922,20,48318,98,100812,100812,0,UNVERIFIED_SOURCE_PDF,COVID-19 Pandemic,1,1.4,1.2,1,2.5,2.5,2.2,0.5,1.2,84348.3,PROJECT_AND_LITERATURE_ASSUMPTIONS_UNVERIFIED,https://ncts.upd.edu.ph/tssp/wp-content/uploads/2024/12/TSSP2024-11-Revised-Paper.pdf,0.045,0.7,0.95,156577.8,SYNTHETIC_SCENARIO_NOT_MEASURED,Synthetic teaching scenario calibrated from 2025 PCU demand,Not applied to this synthetic daily capacity; DPWH hourly standard: https://www.dpwh.gov.ph/dpwh/sites/default/files/issuances/DO_022_S2013.pdf,0.74,0.5387,Low
2021,R-7_Quezon_Ave,Radial,120383,2094,2813,13139,1111,4493,287,117718,90,262128,262128,0,UNVERIFIED_SOURCE_PDF,COVID-19 Pandemic,1,1.4,1.2,1,2.5,2.5,2.2,0.5,1.2,213437.6,PROJECT_AND_LITERATURE_ASSUMPTIONS_UNVERIFIED,https://ncts.upd.edu.ph/tssp/wp-content/uploads/2024/12/TSSP2024-11-Revised-Paper.pdf,0.045,0.7,0.95,221415.9,SYNTHETIC_SCENARIO_NOT_MEASURED,Synthetic teaching scenario calibrated from 2025 PCU demand,Not applied to this synthetic daily capacity; DPWH hourly standard: https://www.dpwh.gov.ph/dpwh/sites/default/files/issuances/DO_022_S2013.pdf,0.92,0.964,High
2021,R-7_Commonwealth,Radial,135153,1740,4879,14663,5879,5914,366,133591,131,302316,302316,0,UNVERIFIED_SOURCE_PDF,COVID-19 Pandemic,1,1.4,1.2,1,2.5,2.5,2.2,0.5,1.2,255347.2,PROJECT_AND_LITERATURE_ASSUMPTIONS_UNVERIFIED,https://ncts.upd.edu.ph/tssp/wp-content/uploads/2024/12/TSSP2024-11-Revised-Paper.pdf,0.045,0.7,0.95,337508.5,SYNTHETIC_SCENARIO_NOT_MEASURED,Synthetic teaching scenario calibrated from 2025 PCU demand,Not applied to this synthetic daily capacity; DPWH hourly standard: https://www.dpwh.gov.ph/dpwh/sites/default/files/issuances/DO_022_S2013.pdf,0.98,0.7566,Medium
2021,R-8_A.Bonifacio,Radial,27772,3247,53,1101,550,8334,1162,29066,1222,72507,72507,0,UNVERIFIED_SOURCE_PDF,COVID-19 Pandemic,1,1.4,1.2,1,2.5,2.5,2.2,0.5,1.2,74248.2,PROJECT_AND_LITERATURE_ASSUMPTIONS_UNVERIFIED,https://ncts.upd.edu.ph/tssp/wp-content/uploads/2024/12/TSSP2024-11-Revised-Paper.pdf,0.045,0.7,0.95,157271.7,SYNTHETIC_SCENARIO_NOT_MEASURED,Synthetic teaching scenario calibrated from 2025 PCU demand,Not applied to this synthetic daily capacity; DPWH hourly standard: https://www.dpwh.gov.ph/dpwh/sites/default/files/issuances/DO_022_S2013.pdf,0.78,0.4721,Low
2021,R-9_Rizal_Ave,Radial,33217,6683,28,3494,543,2788,0,59406,747,106906,106906,0,UNVERIFIED_SOURCE_PDF,COVID-19 Pandemic,1,1.4,1.2,1,2.5,2.5,2.2,0.5,1.2,85027.7,PROJECT_AND_LITERATURE_ASSUMPTIONS_UNVERIFIED,https://ncts.upd.edu.ph/tssp/wp-content/uploads/2024/12/TSSP2024-11-Revised-Paper.pdf,0.045,0.7,0.95,137715.9,SYNTHETIC_SCENARIO_NOT_MEASURED,Synthetic teaching scenario calibrated from 2025 PCU demand,Not applied to this synthetic daily capacity; DPWH hourly standard: https://www.dpwh.gov.ph/dpwh/sites/default/files/issuances/DO_022_S2013.pdf,0.66,0.6174,Low
2021,R-10_Del_Pan,Radial,39187,630,38,2391,147,6043,6506,44121,3753,102816,102816,0,UNVERIFIED_SOURCE_PDF,COVID-19 Pandemic,1,1.4,1.2,1,2.5,2.5,2.2,0.5,1.2,98857.9,PROJECT_AND_LITERATURE_ASSUMPTIONS_UNVERIFIED,https://ncts.upd.edu.ph/tssp/wp-content/uploads/2024/12/TSSP2024-11-Revised-Paper.pdf,0.045,0.7,0.95,156661.3,SYNTHETIC_SCENARIO_NOT_MEASURED,Synthetic teaching scenario calibrated from 2025 PCU demand,Not applied to this synthetic daily capacity; DPWH hourly standard: https://www.dpwh.gov.ph/dpwh/sites/default/files/issuances/DO_022_S2013.pdf,0.7,0.631,Low
2021,Marcos_Highway,Highway,109691,7682,882,7659,480,6687,522,99611,252,233466,233466,0,UNVERIFIED_SOURCE_PDF,COVID-19 Pandemic,1,1.4,1.2,1,2.5,2.5,2.2,0.5,1.2,198337,PROJECT_AND_LITERATURE_ASSUMPTIONS_UNVERIFIED,https://ncts.upd.edu.ph/tssp/wp-content/uploads/2024/12/TSSP2024-11-Revised-Paper.pdf,0.045,0.7,0.95,238087.1,SYNTHETIC_SCENARIO_NOT_MEASURED,Synthetic teaching scenario calibrated from 2025 PCU demand,Not applied to this synthetic daily capacity; DPWH hourly standard: https://www.dpwh.gov.ph/dpwh/sites/default/files/issuances/DO_022_S2013.pdf,0.94,0.833,Medium
2021,McArthur_Highway,Highway,30529,3740,2,4834,855,2858,194,80178,200,123390,123390,0,UNVERIFIED_SOURCE_PDF,COVID-19 Pandemic,1,1.4,1.2,1,2.5,2.5,2.2,0.5,1.2,90639.7,PROJECT_AND_LITERATURE_ASSUMPTIONS_UNVERIFIED,https://ncts.upd.edu.ph/tssp/wp-content/uploads/2024/12/TSSP2024-11-Revised-Paper.pdf,0.045,0.7,0.95,145655.7,SYNTHETIC_SCENARIO_NOT_MEASURED,Synthetic teaching scenario calibrated from 2025 PCU demand,Not applied to this synthetic daily capacity; DPWH hourly standard: https://www.dpwh.gov.ph/dpwh/sites/default/files/issuances/DO_022_S2013.pdf,0.68,0.6223,Low
2022,C-1_Recto,Circumferential,27587,6749,756,3554,90,651,169,44687,1854,86097,86097,0,UNVERIFIED_SOURCE_PDF,Normal,1,1.4,1.2,1,2.5,2.5,2.2,0.5,1.2,68289.4,PROJECT_AND_LITERATURE_ASSUMPTIONS_UNVERIFIED,https://ncts.upd.edu.ph/tssp/wp-content/uploads/2024/12/TSSP2024-11-Revised-Paper.pdf,0.045,0.7,0.95,138632.8,SYNTHETIC_SCENARIO_NOT_MEASURED,Synthetic teaching scenario calibrated from 2025 PCU demand,Not applied to this synthetic daily capacity; DPWH hourly standard: https://www.dpwh.gov.ph/dpwh/sites/default/files/issuances/DO_022_S2013.pdf,0.64,0.4926,Low
2022,C-2_A.Mendoza,Circumferential,83148,523,243,5384,155,3786,12,80092,1900,175243,175243,0,UNVERIFIED_SOURCE_PDF,Normal,1,1.4,1.2,1,2.5,2.5,2.2,0.5,1.2,141760.7,PROJECT_AND_LITERATURE_ASSUMPTIONS_UNVERIFIED,https://ncts.upd.edu.ph/tssp/wp-content/uploads/2024/12/TSSP2024-11-Revised-Paper.pdf,0.045,0.7,0.95,125526.1,SYNTHETIC_SCENARIO_NOT_MEASURED,Synthetic teaching scenario calibrated from 2025 PCU demand,Not applied to this synthetic daily capacity; DPWH hourly standard: https://www.dpwh.gov.ph/dpwh/sites/default/files/issuances/DO_022_S2013.pdf,0.62,1.1293,High
2022,C-2_Pres.Quirino,Circumferential,68697,6,81,3963,209,3198,53,70437,973,147617,147617,0,UNVERIFIED_SOURCE_PDF,Normal,1,1.4,1.2,1,2.5,2.5,2.2,0.5,1.2,117785.8,PROJECT_AND_LITERATURE_ASSUMPTIONS_UNVERIFIED,https://ncts.upd.edu.ph/tssp/wp-content/uploads/2024/12/TSSP2024-11-Revised-Paper.pdf,0.045,0.7,0.95,190810.7,SYNTHETIC_SCENARIO_NOT_MEASURED,Synthetic teaching scenario calibrated from 2025 PCU demand,Not applied to this synthetic daily capacity; DPWH hourly standard: https://www.dpwh.gov.ph/dpwh/sites/default/files/issuances/DO_022_S2013.pdf,0.86,0.6173,Low
2022,C-3_Araneta_Ave,Circumferential,59994,14,16,2758,26,2639,507,44877,1475,112306,112306,0,UNVERIFIED_SOURCE_PDF,Normal,1,1.4,1.2,1,2.5,2.5,2.2,0.5,1.2,94777.2,PROJECT_AND_LITERATURE_ASSUMPTIONS_UNVERIFIED,https://ncts.upd.edu.ph/tssp/wp-content/uploads/2024/12/TSSP2024-11-Revised-Paper.pdf,0.045,0.7,0.95,152771.7,SYNTHETIC_SCENARIO_NOT_MEASURED,Synthetic teaching scenario calibrated from 2025 PCU demand,Not applied to this synthetic daily capacity; DPWH hourly standard: https://www.dpwh.gov.ph/dpwh/sites/default/files/issuances/DO_022_S2013.pdf,0.76,0.6204,Low
2022,C-4_EDSA,Circumferential,202764,1803,2475,18186,5588,2295,119,151847,20,385096,385097,1,CHECK_SOURCE_PDF,Normal,1,1.4,1.2,1,2.5,2.5,2.2,0.5,1.2,322361,PROJECT_AND_LITERATURE_ASSUMPTIONS_UNVERIFIED,https://ncts.upd.edu.ph/tssp/wp-content/uploads/2024/12/TSSP2024-11-Revised-Paper.pdf,0.045,0.7,0.95,334486.5,SYNTHETIC_SCENARIO_NOT_MEASURED,Synthetic teaching scenario calibrated from 2025 PCU demand,Not applied to this synthetic daily capacity; DPWH hourly standard: https://www.dpwh.gov.ph/dpwh/sites/default/files/issuances/DO_022_S2013.pdf,1,0.9637,High
2022,C-5_CP_Garcia,Circumferential,93513,405,2668,4123,789,8993,1151,100133,44,211819,211819,0,UNVERIFIED_SOURCE_PDF,Normal,1,1.4,1.2,1,2.5,2.5,2.2,0.5,1.2,178511.1,PROJECT_AND_LITERATURE_ASSUMPTIONS_UNVERIFIED,https://ncts.upd.edu.ph/tssp/wp-content/uploads/2024/12/TSSP2024-11-Revised-Paper.pdf,0.045,0.7,0.95,211917.7,SYNTHETIC_SCENARIO_NOT_MEASURED,Synthetic teaching scenario calibrated from 2025 PCU demand,Not applied to this synthetic daily capacity; DPWH hourly standard: https://www.dpwh.gov.ph/dpwh/sites/default/files/issuances/DO_022_S2013.pdf,0.9,0.8424,Medium
2022,R-1_Roxas_Blvd,Radial,90400,68,2461,9018,595,1077,2050,80120,290,186079,186079,0,UNVERIFIED_SOURCE_PDF,Normal,1,1.4,1.2,1,2.5,2.5,2.2,0.5,1.2,151564.4,PROJECT_AND_LITERATURE_ASSUMPTIONS_UNVERIFIED,https://ncts.upd.edu.ph/tssp/wp-content/uploads/2024/12/TSSP2024-11-Revised-Paper.pdf,0.045,0.7,0.95,186643.9,SYNTHETIC_SCENARIO_NOT_MEASURED,Synthetic teaching scenario calibrated from 2025 PCU demand,Not applied to this synthetic daily capacity; DPWH hourly standard: https://www.dpwh.gov.ph/dpwh/sites/default/files/issuances/DO_022_S2013.pdf,0.88,0.8121,Medium
2022,R-2_Taft_Ave,Radial,73942,14622,7648,4923,1174,1647,164,83705,6639,194464,194464,0,UNVERIFIED_SOURCE_PDF,Normal,1,1.4,1.2,1,2.5,2.5,2.2,0.5,1.2,165746,PROJECT_AND_LITERATURE_ASSUMPTIONS_UNVERIFIED,https://ncts.upd.edu.ph/tssp/wp-content/uploads/2024/12/TSSP2024-11-Revised-Paper.pdf,0.045,0.7,0.95,165839.8,SYNTHETIC_SCENARIO_NOT_MEASURED,Synthetic teaching scenario calibrated from 2025 PCU demand,Not applied to this synthetic daily capacity; DPWH hourly standard: https://www.dpwh.gov.ph/dpwh/sites/default/files/issuances/DO_022_S2013.pdf,0.82,0.9994,High
2022,R-3_SSH,Radial,146455,4413,246,7920,4893,6870,3497,86204,51,260549,260549,0,UNVERIFIED_SOURCE_PDF,Normal,1,1.4,1.2,1,2.5,2.5,2.2,0.5,1.2,241112.5,PROJECT_AND_LITERATURE_ASSUMPTIONS_UNVERIFIED,https://ncts.upd.edu.ph/tssp/wp-content/uploads/2024/12/TSSP2024-11-Revised-Paper.pdf,0.045,0.7,0.95,257440.7,SYNTHETIC_SCENARIO_NOT_MEASURED,Synthetic teaching scenario calibrated from 2025 PCU demand,Not applied to this synthetic daily capacity; DPWH hourly standard: https://www.dpwh.gov.ph/dpwh/sites/default/files/issuances/DO_022_S2013.pdf,0.96,0.9366,Medium
2022,R-4_Shaw_Blvd,Radial,47568,2545,1412,5385,48,1041,98,52739,21,110857,110857,0,UNVERIFIED_SOURCE_PDF,Normal,1,1.4,1.2,1,2.5,2.5,2.2,0.5,1.2,87543.2,PROJECT_AND_LITERATURE_ASSUMPTIONS_UNVERIFIED,https://ncts.upd.edu.ph/tssp/wp-content/uploads/2024/12/TSSP2024-11-Revised-Paper.pdf,0.045,0.7,0.95,155922.8,SYNTHETIC_SCENARIO_NOT_MEASURED,Synthetic teaching scenario calibrated from 2025 PCU demand,Not applied to this synthetic daily capacity; DPWH hourly standard: https://www.dpwh.gov.ph/dpwh/sites/default/files/issuances/DO_022_S2013.pdf,0.72,0.5615,Low
2022,R-5_Ortigas_Ave,Radial,66372,24357,4454,3505,901,3988,549,75422,113,179661,179661,0,UNVERIFIED_SOURCE_PDF,Normal,1,1.4,1.2,1,2.5,2.5,2.2,0.5,1.2,160598.5,PROJECT_AND_LITERATURE_ASSUMPTIONS_UNVERIFIED,https://ncts.upd.edu.ph/tssp/wp-content/uploads/2024/12/TSSP2024-11-Revised-Paper.pdf,0.045,0.7,0.95,190062.7,SYNTHETIC_SCENARIO_NOT_MEASURED,Synthetic teaching scenario calibrated from 2025 PCU demand,Not applied to this synthetic daily capacity; DPWH hourly standard: https://www.dpwh.gov.ph/dpwh/sites/default/files/issuances/DO_022_S2013.pdf,0.84,0.845,Medium
2022,R-6_Magsaysay_Blvd,Radial,47686,6144,917,5434,152,1644,272,64643,1612,128504,128504,0,UNVERIFIED_SOURCE_PDF,Normal,1,1.4,1.2,1,2.5,2.5,2.2,0.5,1.2,102166.3,PROJECT_AND_LITERATURE_ASSUMPTIONS_UNVERIFIED,https://ncts.upd.edu.ph/tssp/wp-content/uploads/2024/12/TSSP2024-11-Revised-Paper.pdf,0.045,0.7,0.95,164113.1,SYNTHETIC_SCENARIO_NOT_MEASURED,Synthetic teaching scenario calibrated from 2025 PCU demand,Not applied to this synthetic daily capacity; DPWH hourly standard: https://www.dpwh.gov.ph/dpwh/sites/default/files/issuances/DO_022_S2013.pdf,0.8,0.6225,Low
2022,R-6_Aurora_Blvd,Radial,43305,7954,2121,5600,522,1988,42,57926,167,119625,119625,0,UNVERIFIED_SOURCE_PDF,Normal,1,1.4,1.2,1,2.5,2.5,2.2,0.5,1.2,98116.6,PROJECT_AND_LITERATURE_ASSUMPTIONS_UNVERIFIED,https://ncts.upd.edu.ph/tssp/wp-content/uploads/2024/12/TSSP2024-11-Revised-Paper.pdf,0.045,0.7,0.95,156577.8,SYNTHETIC_SCENARIO_NOT_MEASURED,Synthetic teaching scenario calibrated from 2025 PCU demand,Not applied to this synthetic daily capacity; DPWH hourly standard: https://www.dpwh.gov.ph/dpwh/sites/default/files/issuances/DO_022_S2013.pdf,0.74,0.6266,Low
2022,R-7_Quezon_Ave,Radial,130465,2806,2963,13003,853,4088,314,125966,149,280606,280607,1,CHECK_SOURCE_PDF,Normal,1,1.4,1.2,1,2.5,2.5,2.2,0.5,1.2,227157.1,PROJECT_AND_LITERATURE_ASSUMPTIONS_UNVERIFIED,https://ncts.upd.edu.ph/tssp/wp-content/uploads/2024/12/TSSP2024-11-Revised-Paper.pdf,0.045,0.7,0.95,221415.9,SYNTHETIC_SCENARIO_NOT_MEASURED,Synthetic teaching scenario calibrated from 2025 PCU demand,Not applied to this synthetic daily capacity; DPWH hourly standard: https://www.dpwh.gov.ph/dpwh/sites/default/files/issuances/DO_022_S2013.pdf,0.92,1.0259,High
2022,R-7_Commonwealth,Radial,153029,5520,4223,16026,4614,7336,439,154369,628,346184,346184,0,UNVERIFIED_SOURCE_PDF,Normal,1,1.4,1.2,1,2.5,2.5,2.2,0.5,1.2,290629.5,PROJECT_AND_LITERATURE_ASSUMPTIONS_UNVERIFIED,https://ncts.upd.edu.ph/tssp/wp-content/uploads/2024/12/TSSP2024-11-Revised-Paper.pdf,0.045,0.7,0.95,337508.5,SYNTHETIC_SCENARIO_NOT_MEASURED,Synthetic teaching scenario calibrated from 2025 PCU demand,Not applied to this synthetic daily capacity; DPWH hourly standard: https://www.dpwh.gov.ph/dpwh/sites/default/files/issuances/DO_022_S2013.pdf,0.98,0.8611,Medium
2022,R-8_A.Bonifacio,Radial,38715,3202,72,1319,1593,7880,1458,30308,265,84812,84812,0,UNVERIFIED_SOURCE_PDF,Normal,1,1.4,1.2,1,2.5,2.5,2.2,0.5,1.2,86965.3,PROJECT_AND_LITERATURE_ASSUMPTIONS_UNVERIFIED,https://ncts.upd.edu.ph/tssp/wp-content/uploads/2024/12/TSSP2024-11-Revised-Paper.pdf,0.045,0.7,0.95,157271.7,SYNTHETIC_SCENARIO_NOT_MEASURED,Synthetic teaching scenario calibrated from 2025 PCU demand,Not applied to this synthetic daily capacity; DPWH hourly standard: https://www.dpwh.gov.ph/dpwh/sites/default/files/issuances/DO_022_S2013.pdf,0.78,0.553,Low
2022,R-9_Rizal_Ave,Radial,29917,7154,28,2825,26,2531,15,54799,1813,99108,99108,0,UNVERIFIED_SOURCE_PDF,Normal,1,1.4,1.2,1,2.5,2.5,2.2,0.5,1.2,78791.8,PROJECT_AND_LITERATURE_ASSUMPTIONS_UNVERIFIED,https://ncts.upd.edu.ph/tssp/wp-content/uploads/2024/12/TSSP2024-11-Revised-Paper.pdf,0.045,0.7,0.95,137715.9,SYNTHETIC_SCENARIO_NOT_MEASURED,Synthetic teaching scenario calibrated from 2025 PCU demand,Not applied to this synthetic daily capacity; DPWH hourly standard: https://www.dpwh.gov.ph/dpwh/sites/default/files/issuances/DO_022_S2013.pdf,0.66,0.5721,Low
2022,R-10_Del_Pan,Radial,34415,656,43,1950,163,6051,8610,43733,2481,98102,98102,0,UNVERIFIED_SOURCE_PDF,Normal,1,1.4,1.2,1,2.5,2.5,2.2,0.5,1.2,96655.7,PROJECT_AND_LITERATURE_ASSUMPTIONS_UNVERIFIED,https://ncts.upd.edu.ph/tssp/wp-content/uploads/2024/12/TSSP2024-11-Revised-Paper.pdf,0.045,0.7,0.95,156661.3,SYNTHETIC_SCENARIO_NOT_MEASURED,Synthetic teaching scenario calibrated from 2025 PCU demand,Not applied to this synthetic daily capacity; DPWH hourly standard: https://www.dpwh.gov.ph/dpwh/sites/default/files/issuances/DO_022_S2013.pdf,0.7,0.617,Low
2022,Marcos_Highway,Highway,100373,7861,805,6473,542,4853,343,106963,257,228470,228470,0,UNVERIFIED_SOURCE_PDF,Normal,1,1.4,1.2,1,2.5,2.5,2.2,0.5,1.2,186849.4,PROJECT_AND_LITERATURE_ASSUMPTIONS_UNVERIFIED,https://ncts.upd.edu.ph/tssp/wp-content/uploads/2024/12/TSSP2024-11-Revised-Paper.pdf,0.045,0.7,0.95,238087.1,SYNTHETIC_SCENARIO_NOT_MEASURED,Synthetic teaching scenario calibrated from 2025 PCU demand,Not applied to this synthetic daily capacity; DPWH hourly standard: https://www.dpwh.gov.ph/dpwh/sites/default/files/issuances/DO_022_S2013.pdf,0.94,0.7848,Medium
2022,McArthur_Highway,Highway,24724,4074,8,3659,479,2386,169,64759,298,100556,100556,0,UNVERIFIED_SOURCE_PDF,Normal,1,1.4,1.2,1,2.5,2.5,2.2,0.5,1.2,74367.6,PROJECT_AND_LITERATURE_ASSUMPTIONS_UNVERIFIED,https://ncts.upd.edu.ph/tssp/wp-content/uploads/2024/12/TSSP2024-11-Revised-Paper.pdf,0.045,0.7,0.95,145655.7,SYNTHETIC_SCENARIO_NOT_MEASURED,Synthetic teaching scenario calibrated from 2025 PCU demand,Not applied to this synthetic daily capacity; DPWH hourly standard: https://www.dpwh.gov.ph/dpwh/sites/default/files/issuances/DO_022_S2013.pdf,0.68,0.5106,Low
2023,C-1_Recto,Circumferential,24747,7269,727,1678,593,666,115,49406,2190,87391,87391,0,UNVERIFIED_SOURCE_PDF,Normal,1,1.4,1.2,1,2.5,2.5,2.2,0.5,1.2,68205.5,PROJECT_AND_LITERATURE_ASSUMPTIONS_UNVERIFIED,https://ncts.upd.edu.ph/tssp/wp-content/uploads/2024/12/TSSP2024-11-Revised-Paper.pdf,0.045,0.7,0.95,138632.8,SYNTHETIC_SCENARIO_NOT_MEASURED,Synthetic teaching scenario calibrated from 2025 PCU demand,Not applied to this synthetic daily capacity; DPWH hourly standard: https://www.dpwh.gov.ph/dpwh/sites/default/files/issuances/DO_022_S2013.pdf,0.64,0.492,Low
2023,C-2_A.Mendoza,Circumferential,57755,11,81,3102,240,6706,1218,74200,1922,145235,145235,0,UNVERIFIED_SOURCE_PDF,Normal,1,1.4,1.2,1,2.5,2.5,2.2,0.5,1.2,120420.6,PROJECT_AND_LITERATURE_ASSUMPTIONS_UNVERIFIED,https://ncts.upd.edu.ph/tssp/wp-content/uploads/2024/12/TSSP2024-11-Revised-Paper.pdf,0.045,0.7,0.95,125526.1,SYNTHETIC_SCENARIO_NOT_MEASURED,Synthetic teaching scenario calibrated from 2025 PCU demand,Not applied to this synthetic daily capacity; DPWH hourly standard: https://www.dpwh.gov.ph/dpwh/sites/default/files/issuances/DO_022_S2013.pdf,0.62,0.9593,High
2023,C-2_Pres.Quirino,Circumferential,73167,727,64,3837,364,7606,1251,88445,2420,177881,177881,0,UNVERIFIED_SOURCE_PDF,Normal,1,1.4,1.2,1,2.5,2.5,2.2,0.5,1.2,147902.3,PROJECT_AND_LITERATURE_ASSUMPTIONS_UNVERIFIED,https://ncts.upd.edu.ph/tssp/wp-content/uploads/2024/12/TSSP2024-11-Revised-Paper.pdf,0.045,0.7,0.95,190810.7,SYNTHETIC_SCENARIO_NOT_MEASURED,Synthetic teaching scenario calibrated from 2025 PCU demand,Not applied to this synthetic daily capacity; DPWH hourly standard: https://www.dpwh.gov.ph/dpwh/sites/default/files/issuances/DO_022_S2013.pdf,0.86,0.7751,Medium
2023,C-3_Araneta_Ave,Circumferential,72782,45,15,2418,248,3329,425,51266,1694,132222,132222,0,UNVERIFIED_SOURCE_PDF,Normal,1,1.4,1.2,1,2.5,2.5,2.2,0.5,1.2,112824.3,PROJECT_AND_LITERATURE_ASSUMPTIONS_UNVERIFIED,https://ncts.upd.edu.ph/tssp/wp-content/uploads/2024/12/TSSP2024-11-Revised-Paper.pdf,0.045,0.7,0.95,152771.7,SYNTHETIC_SCENARIO_NOT_MEASURED,Synthetic teaching scenario calibrated from 2025 PCU demand,Not applied to this synthetic daily capacity; DPWH hourly standard: https://www.dpwh.gov.ph/dpwh/sites/default/files/issuances/DO_022_S2013.pdf,0.76,0.7385,Medium
2023,C-4_EDSA,Circumferential,216934,1740,2504,15001,3824,2533,110,164673,23,407342,407342,0,UNVERIFIED_SOURCE_PDF,Normal,1,1.4,1.2,1,2.5,2.5,2.2,0.5,1.2,335874.4,PROJECT_AND_LITERATURE_ASSUMPTIONS_UNVERIFIED,https://ncts.upd.edu.ph/tssp/wp-content/uploads/2024/12/TSSP2024-11-Revised-Paper.pdf,0.045,0.7,0.95,334486.5,SYNTHETIC_SCENARIO_NOT_MEASURED,Synthetic teaching scenario calibrated from 2025 PCU demand,Not applied to this synthetic daily capacity; DPWH hourly standard: https://www.dpwh.gov.ph/dpwh/sites/default/files/issuances/DO_022_S2013.pdf,1,1.0041,High
2023,C-5_CP_Garcia,Circumferential,127042,617,64,2674,426,9654,702,89534,7982,238695,238695,0,UNVERIFIED_SOURCE_PDF,Normal,1,1.4,1.2,1,2.5,2.5,2.2,0.5,1.2,211746.4,PROJECT_AND_LITERATURE_ASSUMPTIONS_UNVERIFIED,https://ncts.upd.edu.ph/tssp/wp-content/uploads/2024/12/TSSP2024-11-Revised-Paper.pdf,0.045,0.7,0.95,211917.7,SYNTHETIC_SCENARIO_NOT_MEASURED,Synthetic teaching scenario calibrated from 2025 PCU demand,Not applied to this synthetic daily capacity; DPWH hourly standard: https://www.dpwh.gov.ph/dpwh/sites/default/files/issuances/DO_022_S2013.pdf,0.9,0.9992,High
2023,R-1_Roxas_Blvd,Radial,79313,9888,2986,11812,1625,2255,1074,80690,541,190184,190184,0,UNVERIFIED_SOURCE_PDF,Normal,1,1.4,1.2,1,2.5,2.5,2.2,0.5,1.2,161608.4,PROJECT_AND_LITERATURE_ASSUMPTIONS_UNVERIFIED,https://ncts.upd.edu.ph/tssp/wp-content/uploads/2024/12/TSSP2024-11-Revised-Paper.pdf,0.045,0.7,0.95,186643.9,SYNTHETIC_SCENARIO_NOT_MEASURED,Synthetic teaching scenario calibrated from 2025 PCU demand,Not applied to this synthetic daily capacity; DPWH hourly standard: https://www.dpwh.gov.ph/dpwh/sites/default/files/issuances/DO_022_S2013.pdf,0.88,0.8659,Medium
2023,R-2_Taft_Ave,Radial,47624,9487,6162,5278,2094,1350,510,55395,6421,134321,134321,0,UNVERIFIED_SOURCE_PDF,Normal,1,1.4,1.2,1,2.5,2.5,2.2,0.5,1.2,118712.9,PROJECT_AND_LITERATURE_ASSUMPTIONS_UNVERIFIED,https://ncts.upd.edu.ph/tssp/wp-content/uploads/2024/12/TSSP2024-11-Revised-Paper.pdf,0.045,0.7,0.95,165839.8,SYNTHETIC_SCENARIO_NOT_MEASURED,Synthetic teaching scenario calibrated from 2025 PCU demand,Not applied to this synthetic daily capacity; DPWH hourly standard: https://www.dpwh.gov.ph/dpwh/sites/default/files/issuances/DO_022_S2013.pdf,0.82,0.7158,Medium
2023,R-3_SSH,Radial,87963,224,84,4644,952,7480,2644,72806,107,176904,176904,0,UNVERIFIED_SOURCE_PDF,Normal,1,1.4,1.2,1,2.5,2.5,2.2,0.5,1.2,156449.6,PROJECT_AND_LITERATURE_ASSUMPTIONS_UNVERIFIED,https://ncts.upd.edu.ph/tssp/wp-content/uploads/2024/12/TSSP2024-11-Revised-Paper.pdf,0.045,0.7,0.95,257440.7,SYNTHETIC_SCENARIO_NOT_MEASURED,Synthetic teaching scenario calibrated from 2025 PCU demand,Not applied to this synthetic daily capacity; DPWH hourly standard: https://www.dpwh.gov.ph/dpwh/sites/default/files/issuances/DO_022_S2013.pdf,0.96,0.6077,Low
2023,R-4_Shaw_Blvd,Radial,54622,1967,1323,4574,19,1314,62,63193,21,127095,127095,0,UNVERIFIED_SOURCE_PDF,Normal,1,1.4,1.2,1,2.5,2.5,2.2,0.5,1.2,98628,PROJECT_AND_LITERATURE_ASSUMPTIONS_UNVERIFIED,https://ncts.upd.edu.ph/tssp/wp-content/uploads/2024/12/TSSP2024-11-Revised-Paper.pdf,0.045,0.7,0.95,155922.8,SYNTHETIC_SCENARIO_NOT_MEASURED,Synthetic teaching scenario calibrated from 2025 PCU demand,Not applied to this synthetic daily capacity; DPWH hourly standard: https://www.dpwh.gov.ph/dpwh/sites/default/files/issuances/DO_022_S2013.pdf,0.72,0.6325,Low
2023,R-5_Ortigas_Ave,Radial,63651,1598,181,3697,545,1289,248,75383,5,146597,146597,0,UNVERIFIED_SOURCE_PDF,Normal,1,1.4,1.2,1,2.5,2.5,2.2,0.5,1.2,112630.5,PROJECT_AND_LITERATURE_ASSUMPTIONS_UNVERIFIED,https://ncts.upd.edu.ph/tssp/wp-content/uploads/2024/12/TSSP2024-11-Revised-Paper.pdf,0.045,0.7,0.95,190062.7,SYNTHETIC_SCENARIO_NOT_MEASURED,Synthetic teaching scenario calibrated from 2025 PCU demand,Not applied to this synthetic daily capacity; DPWH hourly standard: https://www.dpwh.gov.ph/dpwh/sites/default/files/issuances/DO_022_S2013.pdf,0.84,0.5926,Low
2023,R-6_Magsaysay_Blvd,Radial,52884,7959,738,3608,723,2011,380,67689,1924,137916,137916,0,UNVERIFIED_SOURCE_PDF,Normal,1,1.4,1.2,1,2.5,2.5,2.2,0.5,1.2,112344.5,PROJECT_AND_LITERATURE_ASSUMPTIONS_UNVERIFIED,https://ncts.upd.edu.ph/tssp/wp-content/uploads/2024/12/TSSP2024-11-Revised-Paper.pdf,0.045,0.7,0.95,164113.1,SYNTHETIC_SCENARIO_NOT_MEASURED,Synthetic teaching scenario calibrated from 2025 PCU demand,Not applied to this synthetic daily capacity; DPWH hourly standard: https://www.dpwh.gov.ph/dpwh/sites/default/files/issuances/DO_022_S2013.pdf,0.8,0.6846,Low
2023,R-6_Aurora_Blvd,Radial,45357,5677,1526,3601,629,2307,24,62531,276,121928,121928,0,UNVERIFIED_SOURCE_PDF,Normal,1,1.4,1.2,1,2.5,2.5,2.2,0.5,1.2,97726.5,PROJECT_AND_LITERATURE_ASSUMPTIONS_UNVERIFIED,https://ncts.upd.edu.ph/tssp/wp-content/uploads/2024/12/TSSP2024-11-Revised-Paper.pdf,0.045,0.7,0.95,156577.8,SYNTHETIC_SCENARIO_NOT_MEASURED,Synthetic teaching scenario calibrated from 2025 PCU demand,Not applied to this synthetic daily capacity; DPWH hourly standard: https://www.dpwh.gov.ph/dpwh/sites/default/files/issuances/DO_022_S2013.pdf,0.74,0.6241,Low
2023,R-7_Quezon_Ave,Radial,139665,3697,5235,12801,1305,5101,215,144297,170,312486,312486,0,UNVERIFIED_SOURCE_PDF,Normal,1,1.4,1.2,1,2.5,2.5,2.2,0.5,1.2,252764.3,PROJECT_AND_LITERATURE_ASSUMPTIONS_UNVERIFIED,https://ncts.upd.edu.ph/tssp/wp-content/uploads/2024/12/TSSP2024-11-Revised-Paper.pdf,0.045,0.7,0.95,221415.9,SYNTHETIC_SCENARIO_NOT_MEASURED,Synthetic teaching scenario calibrated from 2025 PCU demand,Not applied to this synthetic daily capacity; DPWH hourly standard: https://www.dpwh.gov.ph/dpwh/sites/default/files/issuances/DO_022_S2013.pdf,0.92,1.1416,High
2023,R-7_Commonwealth,Radial,171866,14556,5853,13162,4088,6907,391,189594,1571,407988,407988,0,UNVERIFIED_SOURCE_PDF,Normal,1,1.4,1.2,1,2.5,2.5,2.2,0.5,1.2,337459.9,PROJECT_AND_LITERATURE_ASSUMPTIONS_UNVERIFIED,https://ncts.upd.edu.ph/tssp/wp-content/uploads/2024/12/TSSP2024-11-Revised-Paper.pdf,0.045,0.7,0.95,337508.5,SYNTHETIC_SCENARIO_NOT_MEASURED,Synthetic teaching scenario calibrated from 2025 PCU demand,Not applied to this synthetic daily capacity; DPWH hourly standard: https://www.dpwh.gov.ph/dpwh/sites/default/files/issuances/DO_022_S2013.pdf,0.98,0.9999,High
2023,R-8_A.Bonifacio,Radial,44888,3638,95,1554,2209,9790,1341,42042,377,105934,105934,0,UNVERIFIED_SOURCE_PDF,Normal,1,1.4,1.2,1,2.5,2.5,2.2,0.5,1.2,106070.3,PROJECT_AND_LITERATURE_ASSUMPTIONS_UNVERIFIED,https://ncts.upd.edu.ph/tssp/wp-content/uploads/2024/12/TSSP2024-11-Revised-Paper.pdf,0.045,0.7,0.95,157271.7,SYNTHETIC_SCENARIO_NOT_MEASURED,Synthetic teaching scenario calibrated from 2025 PCU demand,Not applied to this synthetic daily capacity; DPWH hourly standard: https://www.dpwh.gov.ph/dpwh/sites/default/files/issuances/DO_022_S2013.pdf,0.78,0.6744,Low
2023,R-9_Rizal_Ave,Radial,31643,8454,39,2783,289,2468,7,67376,1615,114674,114674,0,UNVERIFIED_SOURCE_PDF,Normal,1,1.4,1.2,1,2.5,2.5,2.2,0.5,1.2,88842.3,PROJECT_AND_LITERATURE_ASSUMPTIONS_UNVERIFIED,https://ncts.upd.edu.ph/tssp/wp-content/uploads/2024/12/TSSP2024-11-Revised-Paper.pdf,0.045,0.7,0.95,137715.9,SYNTHETIC_SCENARIO_NOT_MEASURED,Synthetic teaching scenario calibrated from 2025 PCU demand,Not applied to this synthetic daily capacity; DPWH hourly standard: https://www.dpwh.gov.ph/dpwh/sites/default/files/issuances/DO_022_S2013.pdf,0.66,0.6451,Low
2023,R-10_Del_Pan,Radial,32034,459,25,1586,62,5515,9212,52253,3469,104615,104615,0,UNVERIFIED_SOURCE_PDF,Normal,1,1.4,1.2,1,2.5,2.5,2.2,0.5,1.2,98790.8,PROJECT_AND_LITERATURE_ASSUMPTIONS_UNVERIFIED,https://ncts.upd.edu.ph/tssp/wp-content/uploads/2024/12/TSSP2024-11-Revised-Paper.pdf,0.045,0.7,0.95,156661.3,SYNTHETIC_SCENARIO_NOT_MEASURED,Synthetic teaching scenario calibrated from 2025 PCU demand,Not applied to this synthetic daily capacity; DPWH hourly standard: https://www.dpwh.gov.ph/dpwh/sites/default/files/issuances/DO_022_S2013.pdf,0.7,0.6306,Low
2023,Marcos_Highway,Highway,110378,11185,636,4749,440,6604,481,108876,287,243636,243636,0,UNVERIFIED_SOURCE_PDF,Normal,1,1.4,1.2,1,2.5,2.5,2.2,0.5,1.2,204999.8,PROJECT_AND_LITERATURE_ASSUMPTIONS_UNVERIFIED,https://ncts.upd.edu.ph/tssp/wp-content/uploads/2024/12/TSSP2024-11-Revised-Paper.pdf,0.045,0.7,0.95,238087.1,SYNTHETIC_SCENARIO_NOT_MEASURED,Synthetic teaching scenario calibrated from 2025 PCU demand,Not applied to this synthetic daily capacity; DPWH hourly standard: https://www.dpwh.gov.ph/dpwh/sites/default/files/issuances/DO_022_S2013.pdf,0.94,0.861,Medium
2023,McArthur_Highway,Highway,32007,6461,7,3664,432,2884,355,74997,382,121189,121189,0,UNVERIFIED_SOURCE_PDF,Normal,1,1.4,1.2,1,2.5,2.5,2.2,0.5,1.2,91752.7,PROJECT_AND_LITERATURE_ASSUMPTIONS_UNVERIFIED,https://ncts.upd.edu.ph/tssp/wp-content/uploads/2024/12/TSSP2024-11-Revised-Paper.pdf,0.045,0.7,0.95,145655.7,SYNTHETIC_SCENARIO_NOT_MEASURED,Synthetic teaching scenario calibrated from 2025 PCU demand,Not applied to this synthetic daily capacity; DPWH hourly standard: https://www.dpwh.gov.ph/dpwh/sites/default/files/issuances/DO_022_S2013.pdf,0.68,0.6299,Low
2024,C-1_Recto,Circumferential,30708,9815,823,2884,461,743,94,59551,4650,109729,109729,0,UNVERIFIED_SOURCE_PDF,Normal,1,1.4,1.2,1,2.5,2.5,2.2,0.5,1.2,86892.9,PROJECT_AND_LITERATURE_ASSUMPTIONS_UNVERIFIED,https://ncts.upd.edu.ph/tssp/wp-content/uploads/2024/12/TSSP2024-11-Revised-Paper.pdf,0.045,0.7,0.95,138632.8,SYNTHETIC_SCENARIO_NOT_MEASURED,Synthetic teaching scenario calibrated from 2025 PCU demand,Not applied to this synthetic daily capacity; DPWH hourly standard: https://www.dpwh.gov.ph/dpwh/sites/default/files/issuances/DO_022_S2013.pdf,0.64,0.6268,Low
2024,C-2_A.Mendoza,Circumferential,54571,35,130,2303,244,7231,847,79105,1745,146211,146211,0,UNVERIFIED_SOURCE_PDF,Normal,1,1.4,1.2,1,2.5,2.5,2.2,0.5,1.2,119276.4,PROJECT_AND_LITERATURE_ASSUMPTIONS_UNVERIFIED,https://ncts.upd.edu.ph/tssp/wp-content/uploads/2024/12/TSSP2024-11-Revised-Paper.pdf,0.045,0.7,0.95,125526.1,SYNTHETIC_SCENARIO_NOT_MEASURED,Synthetic teaching scenario calibrated from 2025 PCU demand,Not applied to this synthetic daily capacity; DPWH hourly standard: https://www.dpwh.gov.ph/dpwh/sites/default/files/issuances/DO_022_S2013.pdf,0.62,0.9502,High
2024,C-2_Pres.Quirino,Circumferential,74152,763,122,3172,403,10020,1521,102419,2566,195138,195138,0,UNVERIFIED_SOURCE_PDF,Normal,1,1.4,1.2,1,2.5,2.5,2.2,0.5,1.2,162231,PROJECT_AND_LITERATURE_ASSUMPTIONS_UNVERIFIED,https://ncts.upd.edu.ph/tssp/wp-content/uploads/2024/12/TSSP2024-11-Revised-Paper.pdf,0.045,0.7,0.95,190810.7,SYNTHETIC_SCENARIO_NOT_MEASURED,Synthetic teaching scenario calibrated from 2025 PCU demand,Not applied to this synthetic daily capacity; DPWH hourly standard: https://www.dpwh.gov.ph/dpwh/sites/default/files/issuances/DO_022_S2013.pdf,0.86,0.8502,Medium
2024,C-3_Araneta_Ave,Circumferential,79018,6,12,1918,614,2718,331,51378,856,136851,136851,0,UNVERIFIED_SOURCE_PDF,Normal,1,1.4,1.2,1,2.5,2.5,2.2,0.5,1.2,116733.2,PROJECT_AND_LITERATURE_ASSUMPTIONS_UNVERIFIED,https://ncts.upd.edu.ph/tssp/wp-content/uploads/2024/12/TSSP2024-11-Revised-Paper.pdf,0.045,0.7,0.95,152771.7,SYNTHETIC_SCENARIO_NOT_MEASURED,Synthetic teaching scenario calibrated from 2025 PCU demand,Not applied to this synthetic daily capacity; DPWH hourly standard: https://www.dpwh.gov.ph/dpwh/sites/default/files/issuances/DO_022_S2013.pdf,0.76,0.7641,Medium
2024,C-4_EDSA,Circumferential,210980,1006,2299,10852,3019,2655,50,189078,13,419952,419952,0,UNVERIFIED_SOURCE_PDF,Normal,1,1.4,1.2,1,2.5,2.5,2.2,0.5,1.2,334848.8,PROJECT_AND_LITERATURE_ASSUMPTIONS_UNVERIFIED,https://ncts.upd.edu.ph/tssp/wp-content/uploads/2024/12/TSSP2024-11-Revised-Paper.pdf,0.045,0.7,0.95,334486.5,SYNTHETIC_SCENARIO_NOT_MEASURED,Synthetic teaching scenario calibrated from 2025 PCU demand,Not applied to this synthetic daily capacity; DPWH hourly standard: https://www.dpwh.gov.ph/dpwh/sites/default/files/issuances/DO_022_S2013.pdf,1,1.0011,High
2024,C-5_CP_Garcia,Circumferential,107706,407,2690,3365,1011,8682,901,125970,30,250762,250762,0,UNVERIFIED_SOURCE_PDF,Normal,1,1.4,1.2,1,2.5,2.5,2.2,0.5,1.2,204104.5,PROJECT_AND_LITERATURE_ASSUMPTIONS_UNVERIFIED,https://ncts.upd.edu.ph/tssp/wp-content/uploads/2024/12/TSSP2024-11-Revised-Paper.pdf,0.045,0.7,0.95,211917.7,SYNTHETIC_SCENARIO_NOT_MEASURED,Synthetic teaching scenario calibrated from 2025 PCU demand,Not applied to this synthetic daily capacity; DPWH hourly standard: https://www.dpwh.gov.ph/dpwh/sites/default/files/issuances/DO_022_S2013.pdf,0.9,0.9631,High
2024,R-1_Roxas_Blvd,Radial,82145,7860,3683,9689,990,2960,2091,92927,475,202820,202820,0,UNVERIFIED_SOURCE_PDF,Normal,1,1.4,1.2,1,2.5,2.5,2.2,0.5,1.2,168766.3,PROJECT_AND_LITERATURE_ASSUMPTIONS_UNVERIFIED,https://ncts.upd.edu.ph/tssp/wp-content/uploads/2024/12/TSSP2024-11-Revised-Paper.pdf,0.045,0.7,0.95,186643.9,SYNTHETIC_SCENARIO_NOT_MEASURED,Synthetic teaching scenario calibrated from 2025 PCU demand,Not applied to this synthetic daily capacity; DPWH hourly standard: https://www.dpwh.gov.ph/dpwh/sites/default/files/issuances/DO_022_S2013.pdf,0.88,0.9042,Medium
2024,R-2_Taft_Ave,Radial,39415,8549,6764,4929,3058,943,5,51620,3836,119119,119119,0,UNVERIFIED_SOURCE_PDF,Normal,1,1.4,1.2,1,2.5,2.5,2.2,0.5,1.2,104856.1,PROJECT_AND_LITERATURE_ASSUMPTIONS_UNVERIFIED,https://ncts.upd.edu.ph/tssp/wp-content/uploads/2024/12/TSSP2024-11-Revised-Paper.pdf,0.045,0.7,0.95,165839.8,SYNTHETIC_SCENARIO_NOT_MEASURED,Synthetic teaching scenario calibrated from 2025 PCU demand,Not applied to this synthetic daily capacity; DPWH hourly standard: https://www.dpwh.gov.ph/dpwh/sites/default/files/issuances/DO_022_S2013.pdf,0.82,0.6323,Low
2024,R-3_SSH,Radial,85574,358,161,3533,1144,8230,2645,91901,95,193641,193641,0,UNVERIFIED_SOURCE_PDF,Normal,1,1.4,1.2,1,2.5,2.5,2.2,0.5,1.2,165119.9,PROJECT_AND_LITERATURE_ASSUMPTIONS_UNVERIFIED,https://ncts.upd.edu.ph/tssp/wp-content/uploads/2024/12/TSSP2024-11-Revised-Paper.pdf,0.045,0.7,0.95,257440.7,SYNTHETIC_SCENARIO_NOT_MEASURED,Synthetic teaching scenario calibrated from 2025 PCU demand,Not applied to this synthetic daily capacity; DPWH hourly standard: https://www.dpwh.gov.ph/dpwh/sites/default/files/issuances/DO_022_S2013.pdf,0.96,0.6414,Low
2024,R-4_Shaw_Blvd,Radial,52610,3017,1305,2810,43,1413,147,83482,9,144836,144836,0,UNVERIFIED_SOURCE_PDF,Normal,1,1.4,1.2,1,2.5,2.5,2.2,0.5,1.2,106925,PROJECT_AND_LITERATURE_ASSUMPTIONS_UNVERIFIED,https://ncts.upd.edu.ph/tssp/wp-content/uploads/2024/12/TSSP2024-11-Revised-Paper.pdf,0.045,0.7,0.95,155922.8,SYNTHETIC_SCENARIO_NOT_MEASURED,Synthetic teaching scenario calibrated from 2025 PCU demand,Not applied to this synthetic daily capacity; DPWH hourly standard: https://www.dpwh.gov.ph/dpwh/sites/default/files/issuances/DO_022_S2013.pdf,0.72,0.6858,Low
2024,R-5_Ortigas_Ave,Radial,65431,27533,3695,2645,634,4224,534,83909,160,188765,188765,0,UNVERIFIED_SOURCE_PDF,Normal,1,1.4,1.2,1,2.5,2.5,2.2,0.5,1.2,166522.5,PROJECT_AND_LITERATURE_ASSUMPTIONS_UNVERIFIED,https://ncts.upd.edu.ph/tssp/wp-content/uploads/2024/12/TSSP2024-11-Revised-Paper.pdf,0.045,0.7,0.95,190062.7,SYNTHETIC_SCENARIO_NOT_MEASURED,Synthetic teaching scenario calibrated from 2025 PCU demand,Not applied to this synthetic daily capacity; DPWH hourly standard: https://www.dpwh.gov.ph/dpwh/sites/default/files/issuances/DO_022_S2013.pdf,0.84,0.8761,Medium
2024,R-6_Magsaysay_Blvd,Radial,50465,7062,647,2722,704,4027,1021,91293,2021,159962,159962,0,UNVERIFIED_SOURCE_PDF,Normal,1,1.4,1.2,1,2.5,2.5,2.2,0.5,1.2,125995.6,PROJECT_AND_LITERATURE_ASSUMPTIONS_UNVERIFIED,https://ncts.upd.edu.ph/tssp/wp-content/uploads/2024/12/TSSP2024-11-Revised-Paper.pdf,0.045,0.7,0.95,164113.1,SYNTHETIC_SCENARIO_NOT_MEASURED,Synthetic teaching scenario calibrated from 2025 PCU demand,Not applied to this synthetic daily capacity; DPWH hourly standard: https://www.dpwh.gov.ph/dpwh/sites/default/files/issuances/DO_022_S2013.pdf,0.8,0.7677,Medium
2024,R-6_Aurora_Blvd,Radial,46695,8348,2325,3318,786,1966,66,67440,219,131163,131163,0,UNVERIFIED_SOURCE_PDF,Normal,1,1.4,1.2,1,2.5,2.5,2.2,0.5,1.2,105498.2,PROJECT_AND_LITERATURE_ASSUMPTIONS_UNVERIFIED,https://ncts.upd.edu.ph/tssp/wp-content/uploads/2024/12/TSSP2024-11-Revised-Paper.pdf,0.045,0.7,0.95,156577.8,SYNTHETIC_SCENARIO_NOT_MEASURED,Synthetic teaching scenario calibrated from 2025 PCU demand,Not applied to this synthetic daily capacity; DPWH hourly standard: https://www.dpwh.gov.ph/dpwh/sites/default/files/issuances/DO_022_S2013.pdf,0.74,0.6738,Low
2024,R-7_Quezon_Ave,Radial,127876,5196,4782,9900,1593,3932,94,145218,89,298680,298680,0,UNVERIFIED_SOURCE_PDF,Normal,1,1.4,1.2,1,2.5,2.5,2.2,0.5,1.2,237523.9,PROJECT_AND_LITERATURE_ASSUMPTIONS_UNVERIFIED,https://ncts.upd.edu.ph/tssp/wp-content/uploads/2024/12/TSSP2024-11-Revised-Paper.pdf,0.045,0.7,0.95,221415.9,SYNTHETIC_SCENARIO_NOT_MEASURED,Synthetic teaching scenario calibrated from 2025 PCU demand,Not applied to this synthetic daily capacity; DPWH hourly standard: https://www.dpwh.gov.ph/dpwh/sites/default/files/issuances/DO_022_S2013.pdf,0.92,1.0727,High
2024,R-7_Commonwealth,Radial,177912,16454,4820,11093,3184,7075,190,191104,1513,413345,413345,0,UNVERIFIED_SOURCE_PDF,Normal,1,1.4,1.2,1,2.5,2.5,2.2,0.5,1.2,341257.7,PROJECT_AND_LITERATURE_ASSUMPTIONS_UNVERIFIED,https://ncts.upd.edu.ph/tssp/wp-content/uploads/2024/12/TSSP2024-11-Revised-Paper.pdf,0.045,0.7,0.95,337508.5,SYNTHETIC_SCENARIO_NOT_MEASURED,Synthetic teaching scenario calibrated from 2025 PCU demand,Not applied to this synthetic daily capacity; DPWH hourly standard: https://www.dpwh.gov.ph/dpwh/sites/default/files/issuances/DO_022_S2013.pdf,0.98,1.0111,High
2024,R-8_A.Bonifacio,Radial,38870,3914,149,1798,1812,8749,882,50020,807,107001,107001,0,UNVERIFIED_SOURCE_PDF,Normal,1,1.4,1.2,1,2.5,2.5,2.2,0.5,1.2,100647.7,PROJECT_AND_LITERATURE_ASSUMPTIONS_UNVERIFIED,https://ncts.upd.edu.ph/tssp/wp-content/uploads/2024/12/TSSP2024-11-Revised-Paper.pdf,0.045,0.7,0.95,157271.7,SYNTHETIC_SCENARIO_NOT_MEASURED,Synthetic teaching scenario calibrated from 2025 PCU demand,Not applied to this synthetic daily capacity; DPWH hourly standard: https://www.dpwh.gov.ph/dpwh/sites/default/files/issuances/DO_022_S2013.pdf,0.78,0.64,Low
2024,R-9_Rizal_Ave,Radial,25190,7971,14,1644,390,2069,17,49605,1575,88475,88475,0,UNVERIFIED_SOURCE_PDF,Normal,1,1.4,1.2,1,2.5,2.5,2.2,0.5,1.2,70887.6,PROJECT_AND_LITERATURE_ASSUMPTIONS_UNVERIFIED,https://ncts.upd.edu.ph/tssp/wp-content/uploads/2024/12/TSSP2024-11-Revised-Paper.pdf,0.045,0.7,0.95,137715.9,SYNTHETIC_SCENARIO_NOT_MEASURED,Synthetic teaching scenario calibrated from 2025 PCU demand,Not applied to this synthetic daily capacity; DPWH hourly standard: https://www.dpwh.gov.ph/dpwh/sites/default/files/issuances/DO_022_S2013.pdf,0.66,0.5147,Low
2024,R-10_Del_Pan,Radial,34103,692,53,1614,97,5829,6685,63352,3900,116325,116325,0,UNVERIFIED_SOURCE_PDF,Normal,1,1.4,1.2,1,2.5,2.5,2.2,0.5,1.2,102627.4,PROJECT_AND_LITERATURE_ASSUMPTIONS_UNVERIFIED,https://ncts.upd.edu.ph/tssp/wp-content/uploads/2024/12/TSSP2024-11-Revised-Paper.pdf,0.045,0.7,0.95,156661.3,SYNTHETIC_SCENARIO_NOT_MEASURED,Synthetic teaching scenario calibrated from 2025 PCU demand,Not applied to this synthetic daily capacity; DPWH hourly standard: https://www.dpwh.gov.ph/dpwh/sites/default/files/issuances/DO_022_S2013.pdf,0.7,0.6551,Low
2024,Marcos_Highway,Highway,111797,10251,552,3826,506,6946,673,131868,191,266610,266610,0,UNVERIFIED_SOURCE_PDF,Normal,1,1.4,1.2,1,2.5,2.5,2.2,0.5,1.2,216910.6,PROJECT_AND_LITERATURE_ASSUMPTIONS_UNVERIFIED,https://ncts.upd.edu.ph/tssp/wp-content/uploads/2024/12/TSSP2024-11-Revised-Paper.pdf,0.045,0.7,0.95,238087.1,SYNTHETIC_SCENARIO_NOT_MEASURED,Synthetic teaching scenario calibrated from 2025 PCU demand,Not applied to this synthetic daily capacity; DPWH hourly standard: https://www.dpwh.gov.ph/dpwh/sites/default/files/issuances/DO_022_S2013.pdf,0.94,0.9111,Medium
2024,McArthur_Highway,Highway,30890,6255,12,3198,414,2989,317,81624,310,126009,126009,0,UNVERIFIED_SOURCE_PDF,Normal,1,1.4,1.2,1,2.5,2.5,2.2,0.5,1.2,93248.3,PROJECT_AND_LITERATURE_ASSUMPTIONS_UNVERIFIED,https://ncts.upd.edu.ph/tssp/wp-content/uploads/2024/12/TSSP2024-11-Revised-Paper.pdf,0.045,0.7,0.95,145655.7,SYNTHETIC_SCENARIO_NOT_MEASURED,Synthetic teaching scenario calibrated from 2025 PCU demand,Not applied to this synthetic daily capacity; DPWH hourly standard: https://www.dpwh.gov.ph/dpwh/sites/default/files/issuances/DO_022_S2013.pdf,0.68,0.6402,Low
2025,C-1_Recto,Circumferential,27221,8678,10,1786,63,666,0,67915,9814,116153,116153,0,UNVERIFIED_SOURCE_PDF,Normal,1,1.4,1.2,1,2.5,2.5,2.2,0.5,1.2,88725,PROJECT_AND_LITERATURE_ASSUMPTIONS_UNVERIFIED,https://ncts.upd.edu.ph/tssp/wp-content/uploads/2024/12/TSSP2024-11-Revised-Paper.pdf,0.045,0.7,0.95,138632.8,SYNTHETIC_SCENARIO_NOT_MEASURED,Synthetic teaching scenario calibrated from 2025 PCU demand,Not applied to this synthetic daily capacity; DPWH hourly standard: https://www.dpwh.gov.ph/dpwh/sites/default/files/issuances/DO_022_S2013.pdf,0.64,0.64,Low
2025,C-2_A.Mendoza,Circumferential,37704,23,5,1694,268,2813,560,53763,2145,98975,98975,0,UNVERIFIED_SOURCE_PDF,Normal,1,1.4,1.2,1,2.5,2.5,2.2,0.5,1.2,77826.2,PROJECT_AND_LITERATURE_ASSUMPTIONS_UNVERIFIED,https://ncts.upd.edu.ph/tssp/wp-content/uploads/2024/12/TSSP2024-11-Revised-Paper.pdf,0.045,0.7,0.95,125526.1,SYNTHETIC_SCENARIO_NOT_MEASURED,Synthetic teaching scenario calibrated from 2025 PCU demand,Not applied to this synthetic daily capacity; DPWH hourly standard: https://www.dpwh.gov.ph/dpwh/sites/default/files/issuances/DO_022_S2013.pdf,0.62,0.62,Low
2025,C-2_Pres.Quirino,Circumferential,79264,447,175,2659,180,8938,1418,104382,2694,200135,200157,22,CHECK_SOURCE_PDF,Normal,1,1.4,1.2,1,2.5,2.5,2.2,0.5,1.2,164097.2,PROJECT_AND_LITERATURE_ASSUMPTIONS_UNVERIFIED,https://ncts.upd.edu.ph/tssp/wp-content/uploads/2024/12/TSSP2024-11-Revised-Paper.pdf,0.045,0.7,0.95,190810.7,SYNTHETIC_SCENARIO_NOT_MEASURED,Synthetic teaching scenario calibrated from 2025 PCU demand,Not applied to this synthetic daily capacity; DPWH hourly standard: https://www.dpwh.gov.ph/dpwh/sites/default/files/issuances/DO_022_S2013.pdf,0.86,0.86,Medium
2025,C-3_Araneta_Ave,Circumferential,77554,3,2,1324,696,2567,409,53046,1368,136969,136969,0,UNVERIFIED_SOURCE_PDF,Normal,1,1.4,1.2,1,2.5,2.5,2.2,0.5,1.2,116106.5,PROJECT_AND_LITERATURE_ASSUMPTIONS_UNVERIFIED,https://ncts.upd.edu.ph/tssp/wp-content/uploads/2024/12/TSSP2024-11-Revised-Paper.pdf,0.045,0.7,0.95,152771.7,SYNTHETIC_SCENARIO_NOT_MEASURED,Synthetic teaching scenario calibrated from 2025 PCU demand,Not applied to this synthetic daily capacity; DPWH hourly standard: https://www.dpwh.gov.ph/dpwh/sites/default/files/issuances/DO_022_S2013.pdf,0.76,0.76,Medium
2025,C-4_EDSA,Circumferential,214080,743,1891,7303,2946,2494,32,192233,6,421728,421728,0,UNVERIFIED_SOURCE_PDF,Normal,1,1.4,1.2,1,2.5,2.5,2.2,0.5,1.2,334486.5,PROJECT_AND_LITERATURE_ASSUMPTIONS_UNVERIFIED,https://ncts.upd.edu.ph/tssp/wp-content/uploads/2024/12/TSSP2024-11-Revised-Paper.pdf,0.045,0.7,0.95,334486.5,SYNTHETIC_SCENARIO_NOT_MEASURED,Synthetic teaching scenario calibrated from 2025 PCU demand,Not applied to this synthetic daily capacity; DPWH hourly standard: https://www.dpwh.gov.ph/dpwh/sites/default/files/issuances/DO_022_S2013.pdf,1,1,High
2025,C-5_CP_Garcia,Circumferential,99057,2139,866,2997,1280,10093,861,108570,22,225885,225885,0,UNVERIFIED_SOURCE_PDF,Normal,1,1.4,1.2,1,2.5,2.5,2.2,0.5,1.2,190725.9,PROJECT_AND_LITERATURE_ASSUMPTIONS_UNVERIFIED,https://ncts.upd.edu.ph/tssp/wp-content/uploads/2024/12/TSSP2024-11-Revised-Paper.pdf,0.045,0.7,0.95,211917.7,SYNTHETIC_SCENARIO_NOT_MEASURED,Synthetic teaching scenario calibrated from 2025 PCU demand,Not applied to this synthetic daily capacity; DPWH hourly standard: https://www.dpwh.gov.ph/dpwh/sites/default/files/issuances/DO_022_S2013.pdf,0.9,0.9,Medium
2025,R-1_Roxas_Blvd,Radial,90773,6,2451,4310,1047,1675,4539,98196,271,203268,203268,0,UNVERIFIED_SOURCE_PDF,Normal,1,1.4,1.2,1,2.5,2.5,2.2,0.5,1.2,164246.6,PROJECT_AND_LITERATURE_ASSUMPTIONS_UNVERIFIED,https://ncts.upd.edu.ph/tssp/wp-content/uploads/2024/12/TSSP2024-11-Revised-Paper.pdf,0.045,0.7,0.95,186643.9,SYNTHETIC_SCENARIO_NOT_MEASURED,Synthetic teaching scenario calibrated from 2025 PCU demand,Not applied to this synthetic daily capacity; DPWH hourly standard: https://www.dpwh.gov.ph/dpwh/sites/default/files/issuances/DO_022_S2013.pdf,0.88,0.88,Medium
2025,R-2_Taft_Ave,Radial,54076,11302,6112,3950,3083,1731,6,67068,7686,155014,155014,0,UNVERIFIED_SOURCE_PDF,Normal,1,1.4,1.2,1,2.5,2.5,2.2,0.5,1.2,135988.6,PROJECT_AND_LITERATURE_ASSUMPTIONS_UNVERIFIED,https://ncts.upd.edu.ph/tssp/wp-content/uploads/2024/12/TSSP2024-11-Revised-Paper.pdf,0.045,0.7,0.95,165839.8,SYNTHETIC_SCENARIO_NOT_MEASURED,Synthetic teaching scenario calibrated from 2025 PCU demand,Not applied to this synthetic daily capacity; DPWH hourly standard: https://www.dpwh.gov.ph/dpwh/sites/default/files/issuances/DO_022_S2013.pdf,0.82,0.82,Medium
2025,R-3_SSH,Radial,147079,4071,229,2901,4621,9730,2996,97366,31,289024,269024,-20000,CHECK_SOURCE_PDF,Normal,1,1.4,1.2,1,2.5,2.5,2.2,0.5,1.2,247143.1,PROJECT_AND_LITERATURE_ASSUMPTIONS_UNVERIFIED,https://ncts.upd.edu.ph/tssp/wp-content/uploads/2024/12/TSSP2024-11-Revised-Paper.pdf,0.045,0.7,0.95,257440.7,SYNTHETIC_SCENARIO_NOT_MEASURED,Synthetic teaching scenario calibrated from 2025 PCU demand,Not applied to this synthetic daily capacity; DPWH hourly standard: https://www.dpwh.gov.ph/dpwh/sites/default/files/issuances/DO_022_S2013.pdf,0.96,0.96,High
2025,R-4_Shaw_Blvd,Radial,58710,3397,1077,1976,21,1142,126,84667,10,149126,151126,2000,CHECK_SOURCE_PDF,Normal,1,1.4,1.2,1,2.5,2.5,2.2,0.5,1.2,112264.4,PROJECT_AND_LITERATURE_ASSUMPTIONS_UNVERIFIED,https://ncts.upd.edu.ph/tssp/wp-content/uploads/2024/12/TSSP2024-11-Revised-Paper.pdf,0.045,0.7,0.95,155922.8,SYNTHETIC_SCENARIO_NOT_MEASURED,Synthetic teaching scenario calibrated from 2025 PCU demand,Not applied to this synthetic daily capacity; DPWH hourly standard: https://www.dpwh.gov.ph/dpwh/sites/default/files/issuances/DO_022_S2013.pdf,0.72,0.72,Medium
2025,R-5_Ortigas_Ave,Radial,72059,7640,3192,2537,493,3086,535,118162,1104,208808,208808,0,UNVERIFIED_SOURCE_PDF,Normal,1,1.4,1.2,1,2.5,2.5,2.2,0.5,1.2,159652.7,PROJECT_AND_LITERATURE_ASSUMPTIONS_UNVERIFIED,https://ncts.upd.edu.ph/tssp/wp-content/uploads/2024/12/TSSP2024-11-Revised-Paper.pdf,0.045,0.7,0.95,190062.7,SYNTHETIC_SCENARIO_NOT_MEASURED,Synthetic teaching scenario calibrated from 2025 PCU demand,Not applied to this synthetic daily capacity; DPWH hourly standard: https://www.dpwh.gov.ph/dpwh/sites/default/files/issuances/DO_022_S2013.pdf,0.84,0.84,Medium
2025,R-6_Magsaysay_Blvd,Radial,52387,8017,918,2678,754,4946,1389,88943,1769,161801,161801,0,UNVERIFIED_SOURCE_PDF,Normal,1,1.4,1.2,1,2.5,2.5,2.2,0.5,1.2,131290.5,PROJECT_AND_LITERATURE_ASSUMPTIONS_UNVERIFIED,https://ncts.upd.edu.ph/tssp/wp-content/uploads/2024/12/TSSP2024-11-Revised-Paper.pdf,0.045,0.7,0.95,164113.1,SYNTHETIC_SCENARIO_NOT_MEASURED,Synthetic teaching scenario calibrated from 2025 PCU demand,Not applied to this synthetic daily capacity; DPWH hourly standard: https://www.dpwh.gov.ph/dpwh/sites/default/files/issuances/DO_022_S2013.pdf,0.8,0.8,Medium
2025,R-6_Aurora_Blvd,Radial,54147,7910,1796,2217,699,1986,75,78429,152,147411,147411,0,UNVERIFIED_SOURCE_PDF,Normal,1,1.4,1.2,1,2.5,2.5,2.2,0.5,1.2,115867.6,PROJECT_AND_LITERATURE_ASSUMPTIONS_UNVERIFIED,https://ncts.upd.edu.ph/tssp/wp-content/uploads/2024/12/TSSP2024-11-Revised-Paper.pdf,0.045,0.7,0.95,156577.8,SYNTHETIC_SCENARIO_NOT_MEASURED,Synthetic teaching scenario calibrated from 2025 PCU demand,Not applied to this synthetic daily capacity; DPWH hourly standard: https://www.dpwh.gov.ph/dpwh/sites/default/files/issuances/DO_022_S2013.pdf,0.74,0.74,Medium
2025,R-7_Quezon_Ave,Radial,110175,4097,3789,6916,1937,3074,193,126653,42,256876,256876,0,UNVERIFIED_SOURCE_PDF,Normal,1,1.4,1.2,1,2.5,2.5,2.2,0.5,1.2,203702.6,PROJECT_AND_LITERATURE_ASSUMPTIONS_UNVERIFIED,https://ncts.upd.edu.ph/tssp/wp-content/uploads/2024/12/TSSP2024-11-Revised-Paper.pdf,0.045,0.7,0.95,221415.9,SYNTHETIC_SCENARIO_NOT_MEASURED,Synthetic teaching scenario calibrated from 2025 PCU demand,Not applied to this synthetic daily capacity; DPWH hourly standard: https://www.dpwh.gov.ph/dpwh/sites/default/files/issuances/DO_022_S2013.pdf,0.92,0.92,Medium
2025,R-7_Commonwealth,Radial,172446,15948,4672,10752,3086,6857,184,185232,1457,400644,400634,-10,CHECK_SOURCE_PDF,Normal,1,1.4,1.2,1,2.5,2.5,2.2,0.5,1.2,330758.3,PROJECT_AND_LITERATURE_ASSUMPTIONS_UNVERIFIED,https://ncts.upd.edu.ph/tssp/wp-content/uploads/2024/12/TSSP2024-11-Revised-Paper.pdf,0.045,0.7,0.95,337508.5,SYNTHETIC_SCENARIO_NOT_MEASURED,Synthetic teaching scenario calibrated from 2025 PCU demand,Not applied to this synthetic daily capacity; DPWH hourly standard: https://www.dpwh.gov.ph/dpwh/sites/default/files/issuances/DO_022_S2013.pdf,0.98,0.98,High
2025,R-8_A.Bonifacio,Radial,55797,3985,193,2057,2359,7604,1272,60510,872,134649,134649,0,UNVERIFIED_SOURCE_PDF,Normal,1,1.4,1.2,1,2.5,2.5,2.2,0.5,1.2,122671.9,PROJECT_AND_LITERATURE_ASSUMPTIONS_UNVERIFIED,https://ncts.upd.edu.ph/tssp/wp-content/uploads/2024/12/TSSP2024-11-Revised-Paper.pdf,0.045,0.7,0.95,157271.7,SYNTHETIC_SCENARIO_NOT_MEASURED,Synthetic teaching scenario calibrated from 2025 PCU demand,Not applied to this synthetic daily capacity; DPWH hourly standard: https://www.dpwh.gov.ph/dpwh/sites/default/files/issuances/DO_022_S2013.pdf,0.78,0.78,Medium
2025,R-9_Rizal_Ave,Radial,30550,9138,27,1709,452,2582,9,71347,2108,117922,117922,0,UNVERIFIED_SOURCE_PDF,Normal,1,1.4,1.2,1,2.5,2.5,2.2,0.5,1.2,90892.5,PROJECT_AND_LITERATURE_ASSUMPTIONS_UNVERIFIED,https://ncts.upd.edu.ph/tssp/wp-content/uploads/2024/12/TSSP2024-11-Revised-Paper.pdf,0.045,0.7,0.95,137715.9,SYNTHETIC_SCENARIO_NOT_MEASURED,Synthetic teaching scenario calibrated from 2025 PCU demand,Not applied to this synthetic daily capacity; DPWH hourly standard: https://www.dpwh.gov.ph/dpwh/sites/default/files/issuances/DO_022_S2013.pdf,0.66,0.66,Low
2025,R-10_Del_Pan,Radial,36134,556,69,1050,64,6645,9708,59792,2993,117011,117011,0,UNVERIFIED_SOURCE_PDF,Normal,1,1.4,1.2,1,2.5,2.5,2.2,0.5,1.2,109662.9,PROJECT_AND_LITERATURE_ASSUMPTIONS_UNVERIFIED,https://ncts.upd.edu.ph/tssp/wp-content/uploads/2024/12/TSSP2024-11-Revised-Paper.pdf,0.045,0.7,0.95,156661.3,SYNTHETIC_SCENARIO_NOT_MEASURED,Synthetic teaching scenario calibrated from 2025 PCU demand,Not applied to this synthetic daily capacity; DPWH hourly standard: https://www.dpwh.gov.ph/dpwh/sites/default/files/issuances/DO_022_S2013.pdf,0.7,0.7,Medium
2025,Marcos_Highway,Highway,119868,8177,488,3196,398,5441,560,144970,325,283423,283423,0,UNVERIFIED_SOURCE_PDF,Normal,1,1.4,1.2,1,2.5,2.5,2.2,0.5,1.2,223801.9,PROJECT_AND_LITERATURE_ASSUMPTIONS_UNVERIFIED,https://ncts.upd.edu.ph/tssp/wp-content/uploads/2024/12/TSSP2024-11-Revised-Paper.pdf,0.045,0.7,0.95,238087.1,SYNTHETIC_SCENARIO_NOT_MEASURED,Synthetic teaching scenario calibrated from 2025 PCU demand,Not applied to this synthetic daily capacity; DPWH hourly standard: https://www.dpwh.gov.ph/dpwh/sites/default/files/issuances/DO_022_S2013.pdf,0.94,0.94,Medium
2025,McArthur_Highway,Highway,31233,5541,9,2245,299,3980,483,90272,753,134815,134815,0,UNVERIFIED_SOURCE_PDF,Normal,1,1.4,1.2,1,2.5,2.5,2.2,0.5,1.2,99045.9,PROJECT_AND_LITERATURE_ASSUMPTIONS_UNVERIFIED,https://ncts.upd.edu.ph/tssp/wp-content/uploads/2024/12/TSSP2024-11-Revised-Paper.pdf,0.045,0.7,0.95,145655.7,SYNTHETIC_SCENARIO_NOT_MEASURED,Synthetic teaching scenario calibrated from 2025 PCU demand,Not applied to this synthetic daily capacity; DPWH hourly standard: https://www.dpwh.gov.ph/dpwh/sites/default/files/issuances/DO_022_S2013.pdf,0.68,0.68,Low
